onset	duration	nwb_table	ses_ID	ses_Name	cond_Name	cond_ID	target_rot	rep_num	pdOn	pdOff
61.775000000000006	0.8999999999999986	trials	4	s004_F190802	grCe_grSu12Mi	9	315.0	9	62.075	62.373
62.417	0.8999999999999986	trials	4	s004_F190802	grCe_grSu18Fa	11	0.0	9	62.717	63.015
66.034	0.8999999999999915	trials	4	s004_F190802	grCe_grSu3Ne	5	315.0	9	66.334	66.632
66.676	0.8999999999999915	trials	4	s004_F190802	grCe_grSu18Fa	11	135.0	9	66.976	67.274
67.32600000000001	0.8999999999999915	trials	4	s004_F190802	grCe_grSu6Ne	7	270.0	9	67.626	67.924
67.968	0.8999999999999915	trials	4	s004_F190802	grCe_grSu18Fa	11	90.0	9	68.268	68.566
68.61	0.8999999999999915	trials	4	s004_F190802	grCe_grSu1Ne	3	0.0	9	68.91	69.207
74.60300000000001	0.8999999999999915	trials	4	s004_F190802	grCe	1	315.0	9	74.903	75.2
75.244	0.8999999999999915	trials	4	s004_F190802	grCe_grSu18Fa	11	270.0	9	75.544	75.842
75.88600000000001	0.8999999999999915	trials	4	s004_F190802	grCe_grSu6Ne	7	135.0	9	76.186	76.484
76.486	0.8999999999999915	trials	4	s004_F190802	NoStim	0		9	76.786	77.084
77.128	0.8999999999999915	trials	4	s004_F190802	grCe_grSu12Mi	9	90.0	9	77.428	77.726
83.221	0.8999999999999915	trials	4	s004_F190802	grCe_grSu6Ne	7	0.0	9	83.521	83.818
83.863	0.8999999999999915	trials	4	s004_F190802	grCe_grSu6Ne	7	225.0	9	84.163	84.46
84.504	0.8999999999999915	trials	4	s004_F190802	grCe_grSu3Ne	5	180.0	9	84.804	85.102
85.13000000000001	0.8999999999999915	trials	4	s004_F190802	grCe	1	45.0	9	85.43	85.727
85.75500000000001	0.8999999999999915	trials	4	s004_F190802	grSu3Ne	4		9	86.055	86.352
91.822	0.8999999999999915	trials	4	s004_F190802	grCe_grSu18Fa	11	315.0	9	92.122	92.42
92.473	0.8999999999999915	trials	4	s004_F190802	grCe_grSu1Ne	3	90.0	9	92.773	93.07
93.098	0.8999999999999915	trials	4	s004_F190802	grSu1Ne	2		9	93.398	93.695
93.739	0.8999999999999915	trials	4	s004_F190802	grCe_grSu3Ne	5	90.0	9	94.039	94.337
94.36500000000001	0.8999999999999915	trials	4	s004_F190802	grCe	1	180.0	9	94.665	94.962
100.87400000000001	0.8999999999999915	trials	4	s004_F190802	grCe_grSu1Ne	3	225.0	9	101.174	101.472
101.516	0.8999999999999915	trials	4	s004_F190802	grCe_grSu1Ne	3	45.0	9	101.816	102.114
102.166	0.8999999999999915	trials	4	s004_F190802	grCe_grSu6Ne	7	315.0	9	102.466	102.764
102.791	0.8999999999999915	trials	4	s004_F190802	grSu12Mi	8		9	103.091	103.389
103.433	0.8999999999999915	trials	4	s004_F190802	grCe_grSu3Ne	5	270.0	9	103.733	104.031
114.00200000000001	0.8999999999999915	trials	4	s004_F190802	grCe_grSu18Fa	11	45.0	9	114.302	114.599
114.652	0.8999999999999915	trials	4	s004_F190802	grCe_grSu12Mi	9	270.0	9	114.952	115.249
115.293	0.8999999999999915	trials	4	s004_F190802	grCe_grSu12Mi	9	225.0	9	115.593	115.891
115.919	0.8999999999999915	trials	4	s004_F190802	grCe	1	90.0	9	116.219	116.516
116.56	0.8999999999999915	trials	4	s004_F190802	grCe_grSu3Ne	5	135.0	9	116.86	117.159
122.654	0.8999999999999915	trials	4	s004_F190802	grCe_grSu12Mi	9	0.0	9	122.954	123.252
123.296	0.8999999999999915	trials	4	s004_F190802	grCe_grSu3Ne	5	225.0	9	123.596	123.894
123.938	0.8999999999999915	trials	4	s004_F190802	grCe_grSu18Fa	11	180.0	9	124.238	124.535
124.563	0.8999999999999915	trials	4	s004_F190802	grCe	1	270.0	9	124.863	125.161
125.188	0.8999999999999915	trials	4	s004_F190802	grSu6Ne	6		9	125.488	125.786
131.631	0.9000000000000057	trials	4	s004_F190802	grCe_grSu3Ne	5	45.0	9	131.931	132.229
132.273	0.9000000000000057	trials	4	s004_F190802	grCe_grSu12Mi	9	135.0	9	132.573	132.87
132.923	0.9000000000000057	trials	4	s004_F190802	grCe_grSu18Fa	11	225.0	9	133.223	133.52
133.565	0.9000000000000057	trials	4	s004_F190802	grCe_grSu1Ne	3	270.0	9	133.865	134.162
134.21499999999997	0.9000000000000057	trials	4	s004_F190802	grCe_grSu12Mi	9	180.0	9	134.515	134.812
140.71599999999998	0.9000000000000057	trials	4	s004_F190802	grCe_grSu3Ne	5	0.0	9	141.016	141.314
141.36599999999999	0.9000000000000057	trials	4	s004_F190802	grCe_grSu6Ne	7	45.0	9	141.666	141.964
141.99099999999999	0.9000000000000057	trials	4	s004_F190802	grCe	1	225.0	9	142.291	142.589
142.61599999999999	0.9000000000000057	trials	4	s004_F190802	grCe	1	135.0	9	142.916	143.214
143.25799999999998	0.9000000000000057	trials	4	s004_F190802	grCe_grSu1Ne	3	135.0	9	143.558	143.856
154.16	0.9000000000000057	trials	4	s004_F190802	grCe_grSu1Ne	3	180.0	9	154.46	154.758
154.785	0.9000000000000057	trials	4	s004_F190802	grSu18Fa	10		9	155.085	155.383
155.435	0.9000000000000057	trials	4	s004_F190802	grCe_grSu12Mi	9	45.0	9	155.735	156.033
159.503	0.9000000000000057	trials	4	s004_F190802	grCe_grSu6Ne	7	90.0	9	159.803	160.1
160.128	0.9000000000000057	trials	4	s004_F190802	grCe	1	0.0	9	160.428	160.725
160.76999999999998	0.9000000000000057	trials	4	s004_F190802	grCe_grSu6Ne	7	180.0	9	161.07	161.367
161.42	0.9000000000000057	trials	4	s004_F190802	grCe_grSu1Ne	3	315.0	9	161.72	162.017
162.06199999999998	0.9000000000000057	trials	4	s004_F190802	grCe_grSu12Mi	9	180.0	14	162.362	162.659
167.963	0.9000000000000057	trials	4	s004_F190802	grCe_grSu18Fa	11	0.0	14	168.263	168.56
168.60399999999998	0.9000000000000057	trials	4	s004_F190802	grCe_grSu3Ne	5	180.0	14	168.904	169.202
169.255	0.9000000000000057	trials	4	s004_F190802	grCe_grSu18Fa	11	90.0	14	169.555	169.852
169.896	0.9000000000000057	trials	4	s004_F190802	grCe_grSu6Ne	7	270.0	14	170.196	170.494
170.521	0.9000000000000057	trials	4	s004_F190802	grCe	1	0.0	14	170.821	171.119
176.69799999999998	0.9000000000000057	trials	4	s004_F190802	grCe_grSu6Ne	7	45.0	14	176.998	177.295
177.339	0.9000000000000057	trials	4	s004_F190802	grCe_grSu12Mi	9	90.0	14	177.639	177.937
177.981	0.9000000000000057	trials	4	s004_F190802	grCe_grSu3Ne	5	90.0	14	178.281	178.579
178.623	0.9000000000000057	trials	4	s004_F190802	grCe_grSu12Mi	9	225.0	14	178.923	179.221
179.265	0.9000000000000057	trials	4	s004_F190802	grCe_grSu12Mi	9	315.0	14	179.565	179.862
185.19899999999998	0.9000000000000057	trials	4	s004_F190802	grCe_grSu1Ne	3	225.0	14	185.499	185.797
185.82399999999998	0.9000000000000057	trials	4	s004_F190802	grCe	1	45.0	14	186.124	186.422
186.46599999999998	0.9000000000000057	trials	4	s004_F190802	grCe_grSu1Ne	3	180.0	14	186.766	187.064
187.09099999999998	0.9000000000000057	trials	4	s004_F190802	grCe	1	315.0	14	187.391	187.689
187.73299999999998	0.9000000000000057	trials	4	s004_F190802	grCe_grSu18Fa	11	135.0	14	188.033	188.331
193.617	0.9000000000000057	trials	4	s004_F190802	grCe_grSu18Fa	11	270.0	14	193.917	194.215
194.259	0.9000000000000057	trials	4	s004_F190802	grCe_grSu18Fa	11	180.0	14	194.559	194.857
194.884	0.9000000000000057	trials	4	s004_F190802	grSu1Ne	2		14	195.184	195.482
195.52599999999998	0.9000000000000057	trials	4	s004_F190802	grCe_grSu3Ne	5	135.0	14	195.826	196.124
196.176	0.9000000000000057	trials	4	s004_F190802	grCe_grSu6Ne	7	180.0	14	196.476	196.774
202.119	0.9000000000000057	trials	4	s004_F190802	grCe	1	225.0	14	202.419	202.717
202.761	0.9000000000000057	trials	4	s004_F190802	grCe_grSu6Ne	7	225.0	14	203.061	203.358
203.411	0.9000000000000057	trials	4	s004_F190802	grCe_grSu1Ne	3	135.0	14	203.711	204.009
204.053	0.9000000000000057	trials	4	s004_F190802	grCe_grSu1Ne	3	45.0	14	204.353	204.65
204.70299999999997	0.9000000000000057	trials	4	s004_F190802	grCe_grSu6Ne	7	0.0	14	205.003	205.3
210.904	0.9000000000000057	trials	4	s004_F190802	grCe_grSu1Ne	3	0.0	14	211.204	211.502
211.546	0.9000000000000057	trials	4	s004_F190802	grCe_grSu18Fa	11	45.0	14	211.846	212.143
212.188	0.9000000000000057	trials	4	s004_F190802	grCe_grSu12Mi	9	45.0	14	212.488	212.785
215.78	0.9000000000000057	trials	4	s004_F190802	grCe_grSu18Fa	11	315.0	14	216.08	216.378
216.422	0.9000000000000057	trials	4	s004_F190802	grCe_grSu12Mi	9	270.0	14	216.722	217.019
217.047	0.9000000000000057	trials	4	s004_F190802	grCe	1	270.0	14	217.347	217.644
217.689	0.9000000000000057	trials	4	s004_F190802	grCe_grSu6Ne	7	90.0	14	217.989	218.286
218.339	0.9000000000000057	trials	4	s004_F190802	grCe_grSu3Ne	5	315.0	14	218.639	218.936
224.33999999999997	0.9000000000000057	trials	4	s004_F190802	grCe_grSu6Ne	7	135.0	14	224.64	224.937
224.96499999999997	0.9000000000000057	trials	4	s004_F190802	grSu12Mi	8		14	225.265	225.563
225.58999999999997	0.9000000000000057	trials	4	s004_F190802	grCe	1	180.0	14	225.89	226.188
226.21499999999997	0.9000000000000057	trials	4	s004_F190802	grCe	1	135.0	14	226.515	226.813
226.857	0.9000000000000057	trials	4	s004_F190802	grCe_grSu3Ne	5	225.0	14	227.157	227.455
232.958	0.9000000000000057	trials	4	s004_F190802	grCe_grSu6Ne	7	315.0	14	233.258	233.556
233.583	0.9000000000000057	trials	4	s004_F190802	grSu3Ne	4		14	233.883	234.181
234.225	0.9000000000000057	trials	4	s004_F190802	grCe_grSu12Mi	9	135.0	14	234.525	234.823
234.867	0.9000000000000057	trials	4	s004_F190802	grCe_grSu3Ne	5	0.0	14	235.167	235.464
235.492	0.9000000000000057	trials	4	s004_F190802	grSu18Fa	10		14	235.792	236.09
241.56799999999998	0.9000000000000057	trials	4	s004_F190802	grCe_grSu1Ne	3	270.0	14	241.868	242.166
242.16799999999998	0.9000000000000057	trials	4	s004_F190802	NoStim	0		14	242.468	242.766
242.81	0.9000000000000057	trials	4	s004_F190802	grCe_grSu18Fa	11	225.0	14	243.11	243.408
243.435	0.9000000000000057	trials	4	s004_F190802	grCe	1	90.0	14	243.735	244.033
244.077	0.9000000000000057	trials	4	s004_F190802	grCe_grSu1Ne	3	315.0	14	244.377	244.675
250.06099999999998	0.9000000000000057	trials	4	s004_F190802	grSu6Ne	6		14	250.361	250.726
250.778	0.9000000000000057	trials	4	s004_F190802	grCe_grSu12Mi	9	0.0	14	251.078	251.376
251.428	0.9000000000000057	trials	4	s004_F190802	grCe_grSu3Ne	5	45.0	14	251.728	252.026
252.07799999999997	0.9000000000000057	trials	4	s004_F190802	grCe_grSu1Ne	3	90.0	14	252.378	252.676
252.72	0.9000000000000057	trials	4	s004_F190802	grCe_grSu3Ne	5	270.0	14	253.02	253.326
258.72999999999996	0.9000000000000341	trials	4	s004_F190802	grCe_grSu18Fa	11	180.0	11	259.03	259.327
259.371	0.9000000000000341	trials	4	s004_F190802	grCe_grSu6Ne	7	0.0	11	259.671	259.969
260.013	0.9000000000000341	trials	4	s004_F190802	grCe_grSu18Fa	11	90.0	11	260.313	260.611
260.655	0.9000000000000341	trials	4	s004_F190802	grCe_grSu6Ne	7	135.0	11	260.955	261.253
261.29699999999997	0.9000000000000341	trials	4	s004_F190802	grCe_grSu1Ne	3	45.0	11	261.597	261.894
267.215	0.9000000000000341	trials	4	s004_F190802	grCe_grSu6Ne	7	315.0	11	267.515	267.812
267.856	0.9000000000000341	trials	4	s004_F190802	grCe_grSu3Ne	5	315.0	11	268.156	268.454
268.498	0.9000000000000341	trials	4	s004_F190802	grCe_grSu18Fa	11	45.0	11	268.798	269.096
269.123	0.9000000000000341	trials	4	s004_F190802	grCe	1	270.0	11	269.423	269.721
269.765	0.9000000000000341	trials	4	s004_F190802	grCe_grSu12Mi	9	180.0	11	270.065	270.363
275.799	0.9000000000000341	trials	4	s004_F190802	grCe	1	0.0	11	276.099	276.397
276.425	0.9000000000000341	trials	4	s004_F190802	grSu18Fa	10		11	276.725	277.022
277.066	0.9000000000000341	trials	4	s004_F190802	grCe_grSu3Ne	5	135.0	11	277.366	277.664
277.691	0.9000000000000341	trials	4	s004_F190802	grCe	1	315.0	11	277.991	278.289
278.33299999999997	0.9000000000000341	trials	4	s004_F190802	grCe_grSu6Ne	7	180.0	11	278.633	278.931
284.46799999999996	0.9000000000000341	trials	4	s004_F190802	grCe_grSu1Ne	3	135.0	11	284.768	285.065
285.09299999999996	0.9000000000000341	trials	4	s004_F190802	grCe	1	225.0	11	285.393	285.691
285.71799999999996	0.9000000000000341	trials	4	s004_F190802	grCe	1	90.0	11	286.018	286.316
286.36	0.9000000000000341	trials	4	s004_F190802	grCe_grSu3Ne	5	45.0	11	286.66	286.957
287.01	0.9000000000000341	trials	4	s004_F190802	grCe_grSu3Ne	5	180.0	11	287.31	287.608
293.11899999999997	0.9000000000000341	trials	4	s004_F190802	grCe_grSu18Fa	11	135.0	11	293.419	293.717
293.769	0.9000000000000341	trials	4	s004_F190802	grCe_grSu3Ne	5	270.0	11	294.069	294.367
294.411	0.9000000000000341	trials	4	s004_F190802	grCe_grSu12Mi	9	90.0	11	294.711	295.009
295.061	0.9000000000000341	trials	4	s004_F190802	grCe_grSu18Fa	11	225.0	11	295.361	295.659
295.703	0.9000000000000341	trials	4	s004_F190802	grCe_grSu12Mi	9	270.0	11	296.003	296.301
301.71299999999997	0.9000000000000341	trials	4	s004_F190802	grCe_grSu12Mi	9	315.0	11	302.013	302.31
302.33799999999997	0.9000000000000341	trials	4	s004_F190802	grCe	1	135.0	11	302.638	302.935
302.96299999999997	0.9000000000000341	trials	4	s004_F190802	grSu12Mi	8		11	303.263	303.561
303.60499999999996	0.9000000000000341	trials	4	s004_F190802	grCe_grSu18Fa	11	270.0	11	303.905	304.202
304.22999999999996	0.9000000000000341	trials	4	s004_F190802	grCe	1	180.0	11	304.53	304.827
310.323	0.9000000000000341	trials	4	s004_F190802	grCe_grSu1Ne	3	90.0	11	310.623	310.92
310.923	0.9000000000000341	trials	4	s004_F190802	NoStim	0		11	311.223	311.52
311.56399999999996	0.9000000000000341	trials	4	s004_F190802	grCe_grSu12Mi	9	135.0	11	311.864	312.162
312.215	0.9000000000000341	trials	4	s004_F190802	grCe_grSu18Fa	11	315.0	11	312.515	312.812
312.865	0.9000000000000341	trials	4	s004_F190802	grCe_grSu6Ne	7	270.0	11	313.165	313.462
318.991	0.9000000000000341	trials	4	s004_F190802	grCe_grSu12Mi	9	225.0	11	319.291	319.589
319.64099999999996	0.9000000000000341	trials	4	s004_F190802	grCe_grSu12Mi	9	45.0	11	319.941	320.239
320.291	0.9000000000000341	trials	4	s004_F190802	grCe_grSu1Ne	3	225.0	11	320.591	320.889
320.933	0.9000000000000341	trials	4	s004_F190802	grCe_grSu6Ne	7	45.0	11	321.233	321.531
321.575	0.9000000000000341	trials	4	s004_F190802	grCe_grSu3Ne	5	90.0	11	321.875	322.172
327.818	0.9000000000000341	trials	4	s004_F190802	grSu3Ne	4		11	328.118	328.415
328.459	0.9000000000000341	trials	4	s004_F190802	grCe_grSu3Ne	5	0.0	11	328.759	329.057
329.084	0.9000000000000341	trials	4	s004_F190802	grSu1Ne	2		11	329.384	329.682
329.726	0.9000000000000341	trials	4	s004_F190802	grCe_grSu1Ne	3	315.0	11	330.026	330.324
330.368	0.9000000000000341	trials	4	s004_F190802	grCe_grSu1Ne	3	180.0	11	330.668	330.966
336.527	0.9000000000000341	trials	4	s004_F190802	grCe_grSu6Ne	7	90.0	11	336.827	337.125
337.15299999999996	0.9000000000000341	trials	4	s004_F190802	grSu6Ne	6		11	337.453	337.759
337.803	0.9000000000000341	trials	4	s004_F190802	grCe_grSu6Ne	7	225.0	11	338.103	338.4
338.453	0.9000000000000341	trials	4	s004_F190802	grCe_grSu12Mi	9	0.0	11	338.753	339.05
339.09499999999997	0.9000000000000341	trials	4	s004_F190802	grCe_grSu3Ne	5	225.0	11	339.395	339.692
345.221	0.9000000000000341	trials	4	s004_F190802	grCe_grSu1Ne	3	270.0	11	345.521	345.818
345.863	0.9000000000000341	trials	4	s004_F190802	grCe_grSu18Fa	11	0.0	11	346.163	346.46
346.488	0.9000000000000341	trials	4	s004_F190802	grCe	1	45.0	11	346.788	347.085
347.12899999999996	0.9000000000000341	trials	4	s004_F190802	grCe_grSu1Ne	3	0.0	11	347.429	347.727
347.771	0.9000000000000341	trials	4	s004_F190802	grCe_grSu18Fa	11	45.0	3	348.071	348.369
353.964	0.9000000000000341	trials	4	s004_F190802	grCe_grSu3Ne	5	180.0	3	354.264	354.562
354.589	0.9000000000000341	trials	4	s004_F190802	grSu12Mi	8		3	354.889	355.187
355.239	0.9000000000000341	trials	4	s004_F190802	grCe_grSu18Fa	11	0.0	3	355.539	355.837
355.889	0.9000000000000341	trials	4	s004_F190802	grCe_grSu12Mi	9	45.0	3	356.189	356.487
356.531	0.9000000000000341	trials	4	s004_F190802	grCe_grSu12Mi	9	225.0	3	356.831	357.129
362.707	0.9000000000000341	trials	4	s004_F190802	grCe_grSu6Ne	7	135.0	3	363.007	363.305
363.349	0.9000000000000341	trials	4	s004_F190802	grCe_grSu1Ne	3	0.0	3	363.649	363.947
366.9	0.9000000000000341	trials	4	s004_F190802	grCe_grSu3Ne	5	270.0	3	367.2	367.497
367.55	0.9000000000000341	trials	4	s004_F190802	grCe_grSu6Ne	7	45.0	3	367.85	368.148
368.175	0.9000000000000341	trials	4	s004_F190802	grCe	1	0.0	3	368.475	368.773
368.8	0.9000000000000341	trials	4	s004_F190802	grSu6Ne	6		3	369.1	369.398
369.442	0.9000000000000341	trials	4	s004_F190802	grCe_grSu18Fa	11	180.0	3	369.742	370.04
375.851	0.9000000000000341	trials	4	s004_F190802	grSu3Ne	4		3	376.151	376.449
376.493	0.9000000000000341	trials	4	s004_F190802	grCe_grSu1Ne	3	270.0	3	376.793	377.091
377.143	0.9000000000000341	trials	4	s004_F190802	grCe_grSu3Ne	5	135.0	3	377.443	377.741
377.78499999999997	0.9000000000000341	trials	4	s004_F190802	grCe_grSu12Mi	9	0.0	3	378.085	378.383
378.42699999999996	0.9000000000000341	trials	4	s004_F190802	grCe_grSu1Ne	3	45.0	3	378.727	379.025
384.428	0.9000000000000341	trials	4	s004_F190802	grCe	1	225.0	3	384.728	385.026
385.053	0.9000000000000341	trials	4	s004_F190802	grCe	1	270.0	3	385.353	385.651
385.695	0.9000000000000341	trials	4	s004_F190802	grCe_grSu1Ne	3	225.0	3	385.995	386.293
386.295	0.9000000000000341	trials	4	s004_F190802	NoStim	0		3	386.595	386.893
386.937	0.9000000000000341	trials	4	s004_F190802	grCe_grSu6Ne	7	90.0	3	387.237	387.535
393.021	0.9000000000000341	trials	4	s004_F190802	grCe_grSu3Ne	5	225.0	3	393.321	393.619
393.663	0.9000000000000341	trials	4	s004_F190802	grCe_grSu18Fa	11	90.0	3	393.963	394.261
394.305	0.9000000000000341	trials	4	s004_F190802	grCe_grSu12Mi	9	180.0	3	394.605	394.903
394.947	0.9000000000000341	trials	4	s004_F190802	grCe_grSu3Ne	5	315.0	3	395.247	395.544
395.572	0.9000000000000341	trials	4	s004_F190802	grCe	1	180.0	3	395.872	396.169
401.64	0.9000000000000341	trials	4	s004_F190802	grCe_grSu18Fa	11	315.0	3	401.94	402.237
402.281	0.9000000000000341	trials	4	s004_F190802	grCe_grSu6Ne	7	0.0	3	402.581	402.879
402.907	0.9000000000000341	trials	4	s004_F190802	grSu18Fa	10		3	403.207	403.504
403.548	0.9000000000000341	trials	4	s004_F190802	grCe_grSu6Ne	7	225.0	3	403.848	404.146
404.198	0.9000000000000341	trials	4	s004_F190802	grCe_grSu12Mi	9	135.0	3	404.498	404.796
410.066	0.9000000000000341	trials	4	s004_F190802	grCe	1	90.0	3	410.366	410.664
410.70799999999997	0.9000000000000341	trials	4	s004_F190802	grCe_grSu12Mi	9	90.0	3	411.008	411.306
411.33299999999997	0.9000000000000341	trials	4	s004_F190802	grSu1Ne	2		3	411.633	411.931
411.97499999999997	0.9000000000000341	trials	4	s004_F190802	grCe_grSu6Ne	7	180.0	3	412.275	412.573
412.61699999999996	0.9000000000000341	trials	4	s004_F190802	grCe_grSu18Fa	11	135.0	3	412.917	413.214
418.543	0.9000000000000341	trials	4	s004_F190802	grCe	1	45.0	3	418.843	419.14
419.185	0.9000000000000341	trials	4	s004_F190802	grCe_grSu12Mi	9	315.0	3	419.485	419.782
419.82599999999996	0.9000000000000341	trials	4	s004_F190802	grCe_grSu3Ne	5	90.0	3	420.126	420.424
420.45099999999996	0.9000000000000341	trials	4	s004_F190802	grCe	1	315.0	3	420.751	421.049
421.09299999999996	0.9000000000000341	trials	4	s004_F190802	grCe_grSu1Ne	3	315.0	3	421.393	421.691
427.103	0.9000000000000341	trials	4	s004_F190802	grCe	1	135.0	3	427.403	427.7
427.753	0.9000000000000341	trials	4	s004_F190802	grCe_grSu1Ne	3	180.0	3	428.053	428.35
428.395	0.9000000000000341	trials	4	s004_F190802	grCe_grSu3Ne	5	45.0	3	428.695	428.992
429.036	0.9000000000000341	trials	4	s004_F190802	grCe_grSu6Ne	7	270.0	3	429.336	429.634
429.678	0.9000000000000341	trials	4	s004_F190802	grCe_grSu12Mi	9	270.0	3	429.978	430.276
435.746	0.9000000000000341	trials	4	s004_F190802	grCe_grSu1Ne	3	135.0	3	436.046	436.344
436.388	0.9000000000000341	trials	4	s004_F190802	grCe_grSu18Fa	11	225.0	3	436.688	436.985
437.03	0.9000000000000341	trials	4	s004_F190802	grCe_grSu3Ne	5	0.0	3	437.33	437.627
437.68	0.9000000000000341	trials	4	s004_F190802	grCe_grSu1Ne	3	90.0	3	437.98	438.277
438.32099999999997	0.9000000000000341	trials	4	s004_F190802	grCe_grSu6Ne	7	315.0	3	438.621	438.919
444.598	0.9000000000000341	trials	4	s004_F190802	grCe_grSu18Fa	11	270.0	3	444.898	445.195
445.239	0.9000000000000341	trials	4	s004_F190802	grCe_grSu18Fa	11	90.0	10	445.539	445.837
445.881	0.9000000000000341	trials	4	s004_F190802	grCe_grSu12Mi	9	180.0	10	446.181	446.479
446.52299999999997	0.9000000000000341	trials	4	s004_F190802	grCe_grSu6Ne	7	45.0	10	446.823	447.121
447.14799999999997	0.9000000000000341	trials	4	s004_F190802	grCe	1	90.0	10	447.448	447.746
453.224	0.9000000000000341	trials	4	s004_F190802	grCe_grSu6Ne	7	0.0	10	453.524	453.822
453.866	0.9000000000000341	trials	4	s004_F190802	grCe_grSu3Ne	5	135.0	10	454.166	454.464
454.491	0.9000000000000341	trials	4	s004_F190802	grCe	1	270.0	10	454.791	455.089
455.133	0.9000000000000341	trials	4	s004_F190802	grCe_grSu12Mi	9	315.0	10	455.433	455.731
455.775	0.9000000000000341	trials	4	s004_F190802	grCe_grSu12Mi	9	135.0	10	456.075	456.372
461.96799999999996	0.9000000000000341	trials	4	s004_F190802	grCe	1	315.0	10	462.268	462.565
462.59299999999996	0.9000000000000341	trials	4	s004_F190802	grSu12Mi	8		10	462.893	463.19
463.234	0.9000000000000341	trials	4	s004_F190802	grCe_grSu3Ne	5	45.0	10	463.534	463.832
463.885	0.9000000000000341	trials	4	s004_F190802	grCe_grSu12Mi	9	270.0	10	464.185	464.482
464.53499999999997	0.9000000000000341	trials	4	s004_F190802	grCe_grSu6Ne	7	90.0	10	464.835	465.132
470.536	0.9000000000000341	trials	4	s004_F190802	NoStim	0		10	470.836	471.133
471.186	0.9000000000000341	trials	4	s004_F190802	grCe_grSu3Ne	5	270.0	10	471.486	471.784
474.645	0.9000000000000341	trials	4	s004_F190802	grCe_grSu18Fa	11	0.0	10	474.945	475.243
475.287	0.9000000000000341	trials	4	s004_F190802	grCe_grSu6Ne	7	180.0	10	475.587	475.884
475.929	0.9000000000000341	trials	4	s004_F190802	grCe_grSu6Ne	7	315.0	10	476.229	476.526
476.57	0.9000000000000341	trials	4	s004_F190802	grCe_grSu18Fa	11	180.0	10	476.87	477.168
477.21999999999997	0.9000000000000341	trials	4	s004_F190802	grCe_grSu1Ne	3	315.0	10	477.52	477.818
483.205	0.9000000000000341	trials	4	s004_F190802	grCe_grSu3Ne	5	180.0	10	483.505	483.803
483.85499999999996	0.9000000000000341	trials	4	s004_F190802	grCe_grSu6Ne	7	270.0	10	484.155	484.453
484.505	0.9000000000000341	trials	4	s004_F190802	grCe_grSu1Ne	3	270.0	10	484.805	485.103
485.155	0.9000000000000341	trials	4	s004_F190802	grCe_grSu18Fa	11	45.0	10	485.455	485.753
485.805	0.9000000000000341	trials	4	s004_F190802	grCe_grSu1Ne	3	225.0	10	486.105	486.403
491.91499999999996	0.9000000000000341	trials	4	s004_F190802	grCe_grSu1Ne	3	0.0	10	492.215	492.512
492.53999999999996	0.9000000000000341	trials	4	s004_F190802	grCe	1	45.0	10	492.84	493.138
493.182	0.9000000000000341	trials	4	s004_F190802	grCe_grSu18Fa	11	225.0	10	493.482	493.779
493.807	0.9000000000000341	trials	4	s004_F190802	grCe	1	180.0	10	494.107	494.404
494.432	0.9000000000000341	trials	4	s004_F190802	grSu3Ne	4		10	494.732	495.03
500.533	0.9000000000000341	trials	4	s004_F190802	grCe_grSu3Ne	5	90.0	10	500.833	501.131
501.175	0.9000000000000341	trials	4	s004_F190802	grCe_grSu6Ne	7	225.0	10	501.475	501.773
501.817	0.9000000000000341	trials	4	s004_F190802	grCe_grSu1Ne	3	45.0	10	502.117	502.414
502.467	0.9000000000000341	trials	4	s004_F190802	grCe_grSu18Fa	11	270.0	10	502.767	503.064
503.092	0.9000000000000341	trials	4	s004_F190802	grSu6Ne	6		10	503.392	503.69
509.15999999999997	0.9000000000000341	trials	4	s004_F190802	grCe_grSu3Ne	5	225.0	10	509.46	509.757
509.81	0.9000000000000341	trials	4	s004_F190802	grCe_grSu6Ne	7	135.0	10	510.11	510.407
510.46	0.9000000000000341	trials	4	s004_F190802	grCe_grSu3Ne	5	315.0	10	510.76	511.058
511.085	0.9000000000000341	trials	4	s004_F190802	grCe	1	225.0	10	511.385	511.683
511.73499999999996	0.9000000000000341	trials	4	s004_F190802	grCe_grSu1Ne	3	135.0	10	512.035	512.333
517.7030000000001	0.8999999999999773	trials	4	s004_F190802	grCe_grSu12Mi	9	225.0	10	518.003	518.301
518.345	0.8999999999999773	trials	4	s004_F190802	grCe_grSu3Ne	5	0.0	10	518.645	518.942
518.97	0.8999999999999773	trials	4	s004_F190802	grCe	1	135.0	10	519.27	519.568
519.595	0.8999999999999773	trials	4	s004_F190802	grCe	1	0.0	10	519.895	520.193
520.245	0.8999999999999773	trials	4	s004_F190802	grCe_grSu18Fa	11	135.0	10	520.545	520.843
526.321	0.8999999999999773	trials	4	s004_F190802	grCe_grSu12Mi	9	45.0	10	526.621	526.919
526.9630000000001	0.8999999999999773	trials	4	s004_F190802	grCe_grSu1Ne	3	90.0	10	527.263	527.561
527.605	0.8999999999999773	trials	4	s004_F190802	grCe_grSu12Mi	9	90.0	10	527.905	528.202
528.2470000000001	0.8999999999999773	trials	4	s004_F190802	grCe_grSu18Fa	11	315.0	10	528.547	528.844
528.897	0.8999999999999773	trials	4	s004_F190802	grCe_grSu1Ne	3	180.0	10	529.197	529.494
534.9480000000001	0.8999999999999773	trials	4	s004_F190802	grCe_grSu12Mi	9	0.0	10	535.248	535.546
535.5730000000001	0.8999999999999773	trials	4	s004_F190802	grSu18Fa	10		10	535.873	536.171
536.1980000000001	0.8999999999999773	trials	4	s004_F190802	grSu1Ne	2		10	536.498	536.796
536.84	0.8999999999999773	trials	4	s004_F190802	grCe_grSu12Mi	9	315.0	7	537.14	537.438
537.465	0.8999999999999773	trials	4	s004_F190802	grSu18Fa	10		7	537.765	538.063
543.841	0.8999999999999773	trials	4	s004_F190802	grCe_grSu6Ne	7	90.0	7	544.141	544.439
544.4830000000001	0.8999999999999773	trials	4	s004_F190802	grCe_grSu6Ne	7	225.0	7	544.783	545.081
545.1080000000001	0.8999999999999773	trials	4	s004_F190802	grSu3Ne	4		7	545.408	545.706
545.75	0.8999999999999773	trials	4	s004_F190802	grCe_grSu3Ne	5	315.0	7	546.05	546.348
546.4000000000001	0.8999999999999773	trials	4	s004_F190802	grCe_grSu3Ne	5	135.0	7	546.7	546.998
552.5680000000001	0.8999999999999773	trials	4	s004_F190802	grCe	1	0.0	7	552.868	553.165
553.21	0.8999999999999773	trials	4	s004_F190802	grCe_grSu18Fa	11	90.0	7	553.51	553.807
553.86	0.8999999999999773	trials	4	s004_F190802	grCe_grSu6Ne	7	135.0	7	554.16	554.457
554.5020000000001	0.8999999999999773	trials	4	s004_F190802	grCe_grSu1Ne	3	180.0	7	554.802	555.099
555.1270000000001	0.8999999999999773	trials	4	s004_F190802	grCe	1	45.0	7	555.427	555.724
561.1940000000001	0.8999999999999773	trials	4	s004_F190802	grCe	1	270.0	7	561.494	561.792
561.836	0.8999999999999773	trials	4	s004_F190802	grCe_grSu18Fa	11	0.0	7	562.136	562.434
562.4780000000001	0.8999999999999773	trials	4	s004_F190802	grCe_grSu18Fa	11	315.0	7	562.778	563.076
563.1030000000001	0.8999999999999773	trials	4	s004_F190802	grCe	1	180.0	7	563.403	563.701
563.753	0.8999999999999773	trials	4	s004_F190802	grCe_grSu12Mi	9	135.0	7	564.053	564.351
569.5630000000001	0.8999999999999773	trials	4	s004_F190802	grCe_grSu1Ne	3	0.0	7	569.863	570.16
570.163	0.8999999999999773	trials	4	s004_F190802	NoStim	0		7	570.463	570.76
570.8050000000001	0.8999999999999773	trials	4	s004_F190802	grCe_grSu3Ne	5	0.0	7	571.105	571.402
571.4300000000001	0.8999999999999773	trials	4	s004_F190802	grSu12Mi	8		7	571.73	572.027
572.08	0.8999999999999773	trials	4	s004_F190802	grCe_grSu12Mi	9	225.0	7	572.38	572.677
578.956	0.8999999999999773	trials	4	s004_F190802	grCe_grSu1Ne	3	135.0	7	579.256	579.554
579.606	0.8999999999999773	trials	4	s004_F190802	grCe_grSu3Ne	5	225.0	7	579.906	580.204
580.248	0.8999999999999773	trials	4	s004_F190802	grCe_grSu1Ne	3	45.0	7	580.548	580.846
580.8900000000001	0.8999999999999773	trials	4	s004_F190802	grCe_grSu12Mi	9	180.0	7	581.19	581.487
581.532	0.8999999999999773	trials	4	s004_F190802	grCe_grSu18Fa	11	270.0	7	581.832	582.129
587.466	0.8999999999999773	trials	4	s004_F190802	grCe	1	225.0	7	587.766	588.064
588.091	0.8999999999999773	trials	4	s004_F190802	grSu6Ne	6		7	588.391	588.689
588.716	0.8999999999999773	trials	4	s004_F190802	grCe	1	315.0	7	589.016	589.314
589.3580000000001	0.8999999999999773	trials	4	s004_F190802	grCe_grSu3Ne	5	45.0	7	589.658	589.956
590.0	0.8999999999999773	trials	4	s004_F190802	grCe_grSu6Ne	7	45.0	7	590.3	590.597
596.0680000000001	0.8999999999999773	trials	4	s004_F190802	grCe_grSu12Mi	9	270.0	7	596.368	596.665
596.7090000000001	0.8999999999999773	trials	4	s004_F190802	grCe_grSu6Ne	7	180.0	7	597.009	597.307
597.335	0.8999999999999773	trials	4	s004_F190802	grCe	1	135.0	7	597.635	597.932
597.976	0.8999999999999773	trials	4	s004_F190802	grCe_grSu18Fa	11	180.0	7	598.276	598.574
598.618	0.8999999999999773	trials	4	s004_F190802	grCe_grSu1Ne	3	225.0	7	598.918	599.216
604.6360000000001	0.8999999999999773	trials	4	s004_F190802	grCe_grSu12Mi	9	0.0	7	604.936	605.234
605.2860000000001	0.8999999999999773	trials	4	s004_F190802	grCe_grSu1Ne	3	90.0	7	605.586	605.884
605.936	0.8999999999999773	trials	4	s004_F190802	grCe_grSu1Ne	3	315.0	7	606.236	606.534
606.5780000000001	0.8999999999999773	trials	4	s004_F190802	grCe_grSu6Ne	7	270.0	7	606.878	607.176
607.22	0.8999999999999773	trials	4	s004_F190802	grCe_grSu12Mi	9	90.0	7	607.52	607.817
613.2460000000001	0.8999999999999773	trials	4	s004_F190802	grCe_grSu18Fa	11	45.0	7	613.546	613.843
613.888	0.8999999999999773	trials	4	s004_F190802	grCe_grSu3Ne	5	270.0	7	614.188	614.485
614.538	0.8999999999999773	trials	4	s004_F190802	grCe_grSu6Ne	7	315.0	7	614.838	615.135
615.163	0.8999999999999773	trials	4	s004_F190802	grCe	1	90.0	7	615.463	615.76
615.8130000000001	0.8999999999999773	trials	4	s004_F190802	grCe_grSu1Ne	3	270.0	7	616.113	616.411
621.9060000000001	0.8999999999999773	trials	4	s004_F190802	grCe_grSu6Ne	7	0.0	7	622.206	622.503
622.548	0.8999999999999773	trials	4	s004_F190802	grCe_grSu12Mi	9	45.0	7	622.848	623.145
623.1890000000001	0.8999999999999773	trials	4	s004_F190802	grCe_grSu3Ne	5	180.0	7	623.489	623.787
623.831	0.8999999999999773	trials	4	s004_F190802	grCe_grSu18Fa	11	135.0	7	624.131	624.429
624.456	0.8999999999999773	trials	4	s004_F190802	grSu1Ne	2		7	624.756	625.054
630.649	0.8999999999999773	trials	4	s004_F190802	grCe_grSu18Fa	11	225.0	7	630.949	631.247
631.291	0.8999999999999773	trials	4	s004_F190802	grCe_grSu3Ne	5	90.0	7	631.591	631.889
631.933	0.8999999999999773	trials	4	s004_F190802	grCe_grSu18Fa	11	0.0	12	632.233	632.53
632.5830000000001	0.8999999999999773	trials	4	s004_F190802	grCe_grSu1Ne	3	225.0	12	632.883	633.18
633.225	0.8999999999999773	trials	4	s004_F190802	grCe_grSu12Mi	9	135.0	12	633.525	633.822
639.292	0.8999999999999773	trials	4	s004_F190802	grCe_grSu6Ne	7	270.0	12	639.592	639.89
639.942	0.8999999999999773	trials	4	s004_F190802	grCe_grSu6Ne	7	315.0	12	640.242	640.54
640.5680000000001	0.8999999999999773	trials	4	s004_F190802	grSu6Ne	6		12	640.868	641.165
641.2090000000001	0.8999999999999773	trials	4	s004_F190802	grCe_grSu12Mi	9	0.0	12	641.509	641.807
641.851	0.8999999999999773	trials	4	s004_F190802	grCe_grSu12Mi	9	180.0	12	642.151	642.449
647.936	0.8999999999999773	trials	4	s004_F190802	grCe_grSu3Ne	5	270.0	12	648.236	648.533
648.586	0.8999999999999773	trials	4	s004_F190802	grCe_grSu12Mi	9	90.0	12	648.886	649.183
649.236	0.8999999999999773	trials	4	s004_F190802	grCe_grSu1Ne	3	315.0	12	649.536	649.834
649.861	0.8999999999999773	trials	4	s004_F190802	grCe	1	225.0	12	650.161	650.459
650.486	0.8999999999999773	trials	4	s004_F190802	grCe	1	135.0	12	650.786	651.084
656.5790000000001	0.8999999999999773	trials	4	s004_F190802	grCe	1	270.0	12	656.879	657.177
657.2040000000001	0.8999999999999773	trials	4	s004_F190802	grCe	1	45.0	12	657.504	657.802
657.8290000000001	0.8999999999999773	trials	4	s004_F190802	grSu3Ne	4		12	658.129	658.427
658.471	0.8999999999999773	trials	4	s004_F190802	grCe_grSu18Fa	11	90.0	12	658.771	659.069
659.113	0.8999999999999773	trials	4	s004_F190802	grCe_grSu3Ne	5	225.0	12	659.413	659.71
665.572	0.8999999999999773	trials	4	s004_F190802	grCe_grSu6Ne	7	135.0	12	665.872	666.17
666.214	0.8999999999999773	trials	4	s004_F190802	grCe_grSu18Fa	11	135.0	12	666.514	666.812
666.856	0.8999999999999773	trials	4	s004_F190802	grCe_grSu1Ne	3	0.0	12	667.156	667.453
667.498	0.8999999999999773	trials	4	s004_F190802	grCe_grSu3Ne	5	180.0	12	667.798	668.095
668.0980000000001	0.8999999999999773	trials	4	s004_F190802	NoStim	0		12	668.398	668.695
674.182	0.8999999999999773	trials	4	s004_F190802	grCe_grSu1Ne	3	135.0	12	674.482	674.78
674.8240000000001	0.8999999999999773	trials	4	s004_F190802	grCe_grSu6Ne	7	0.0	12	675.124	675.422
675.4490000000001	0.8999999999999773	trials	4	s004_F190802	grSu12Mi	8		12	675.749	676.047
676.091	0.8999999999999773	trials	4	s004_F190802	grCe_grSu18Fa	11	180.0	12	676.391	676.689
676.7330000000001	0.8999999999999773	trials	4	s004_F190802	grCe_grSu1Ne	3	90.0	12	677.033	677.33
682.8340000000001	0.8999999999999773	trials	4	s004_F190802	grCe_grSu12Mi	9	225.0	12	683.134	683.431
683.4590000000001	0.8999999999999773	trials	4	s004_F190802	grCe	1	0.0	12	683.759	684.057
684.109	0.8999999999999773	trials	4	s004_F190802	grCe_grSu1Ne	3	45.0	12	684.409	684.707
684.7510000000001	0.8999999999999773	trials	4	s004_F190802	grCe_grSu1Ne	3	270.0	12	685.051	685.348
685.393	0.8999999999999773	trials	4	s004_F190802	grCe_grSu6Ne	7	180.0	12	685.693	685.99
691.494	0.8999999999999773	trials	4	s004_F190802	grCe_grSu18Fa	11	315.0	12	691.794	692.091
692.1360000000001	0.8999999999999773	trials	4	s004_F190802	grCe_grSu6Ne	7	90.0	12	692.436	692.733
692.777	0.8999999999999773	trials	4	s004_F190802	grCe_grSu3Ne	5	135.0	12	693.077	693.375
693.4190000000001	0.8999999999999773	trials	4	s004_F190802	grCe_grSu3Ne	5	45.0	12	693.719	694.017
694.0690000000001	0.8999999999999773	trials	4	s004_F190802	grCe_grSu1Ne	3	180.0	12	694.369	694.667
700.1450000000001	0.8999999999999773	trials	4	s004_F190802	grCe	1	90.0	12	700.445	700.743
700.796	0.8999999999999773	trials	4	s004_F190802	grCe_grSu3Ne	5	0.0	12	701.096	701.393
701.446	0.8999999999999773	trials	4	s004_F190802	grCe_grSu3Ne	5	90.0	12	701.746	702.043
702.087	0.8999999999999773	trials	4	s004_F190802	grCe_grSu18Fa	11	270.0	12	702.387	702.685
702.729	0.8999999999999773	trials	4	s004_F190802	grCe_grSu6Ne	7	45.0	12	703.029	703.327
708.6640000000001	0.8999999999999773	trials	4	s004_F190802	grCe_grSu18Fa	11	225.0	12	708.964	709.261
709.3050000000001	0.8999999999999773	trials	4	s004_F190802	grCe_grSu12Mi	9	45.0	12	709.605	709.903
709.931	0.8999999999999773	trials	4	s004_F190802	grSu1Ne	2		12	710.231	710.528
710.581	0.8999999999999773	trials	4	s004_F190802	grCe_grSu12Mi	9	270.0	12	710.881	711.178
711.231	0.8999999999999773	trials	4	s004_F190802	grCe_grSu18Fa	11	45.0	12	711.531	711.828
717.849	0.8999999999999773	trials	4	s004_F190802	grCe	1	315.0	12	718.149	718.446
718.474	0.8999999999999773	trials	4	s004_F190802	grSu18Fa	10		12	718.774	719.071
719.1160000000001	0.8999999999999773	trials	4	s004_F190802	grCe_grSu6Ne	7	225.0	12	719.416	719.713
719.7570000000001	0.8999999999999773	trials	4	s004_F190802	grCe_grSu3Ne	5	315.0	12	720.057	720.355
720.399	0.8999999999999773	trials	4	s004_F190802	grCe_grSu12Mi	9	315.0	12	720.699	720.997
726.634	0.8999999999999773	trials	4	s004_F190802	grCe	1	180.0	12	726.934	727.231
727.2750000000001	0.8999999999999773	trials	4	s004_F190802	grCe_grSu6Ne	7	180.0	2	727.575	727.873
727.917	0.8999999999999773	trials	4	s004_F190802	grCe_grSu6Ne	7	90.0	2	728.217	728.515
728.5590000000001	0.8999999999999773	trials	4	s004_F190802	grCe_grSu1Ne	3	180.0	2	728.859	729.157
729.1840000000001	0.8999999999999773	trials	4	s004_F190802	grSu12Mi	8		2	729.484	729.782
735.219	0.8999999999999773	trials	4	s004_F190802	grCe_grSu3Ne	5	90.0	2	735.519	735.816
735.86	0.8999999999999773	trials	4	s004_F190802	grCe_grSu12Mi	9	135.0	2	736.16	736.458
736.486	0.8999999999999773	trials	4	s004_F190802	grCe	1	0.0	2	736.786	737.083
737.1270000000001	0.8999999999999773	trials	4	s004_F190802	grCe_grSu6Ne	7	270.0	2	737.427	737.725
737.777	0.8999999999999773	trials	4	s004_F190802	grCe_grSu18Fa	11	270.0	2	738.077	738.375
743.8870000000001	0.8999999999999773	trials	4	s004_F190802	grCe_grSu18Fa	11	315.0	2	744.187	744.485
744.537	0.8999999999999773	trials	4	s004_F190802	grCe_grSu12Mi	9	270.0	2	744.837	745.135
745.1790000000001	0.8999999999999773	trials	4	s004_F190802	grCe_grSu18Fa	11	225.0	2	745.479	745.776
745.8040000000001	0.8999999999999773	trials	4	s004_F190802	grCe	1	315.0	2	746.104	746.402
746.446	0.8999999999999773	trials	4	s004_F190802	grCe_grSu18Fa	11	90.0	2	746.746	747.043
752.5970000000001	0.8999999999999773	trials	4	s004_F190802	grCe_grSu3Ne	5	180.0	2	752.897	753.194
757.431	0.8999999999999773	trials	4	s004_F190802	grCe_grSu12Mi	9	180.0	2	757.731	758.029
758.0730000000001	0.8999999999999773	trials	4	s004_F190802	grCe_grSu18Fa	11	135.0	2	758.373	758.671
758.7230000000001	0.8999999999999773	trials	4	s004_F190802	grCe_grSu12Mi	9	0.0	2	759.023	759.321
759.3480000000001	0.8999999999999773	trials	4	s004_F190802	grCe	1	90.0	2	759.648	759.946
759.99	0.8999999999999773	trials	4	s004_F190802	grCe_grSu3Ne	5	270.0	2	760.29	760.588
766.024	0.8999999999999773	trials	4	s004_F190802	grCe_grSu1Ne	3	90.0	2	766.324	766.622
766.666	0.8999999999999773	trials	4	s004_F190802	grCe_grSu1Ne	3	135.0	2	766.966	767.264
767.308	0.8999999999999773	trials	4	s004_F190802	grCe_grSu6Ne	7	315.0	2	767.608	767.906
767.95	0.8999999999999773	trials	4	s004_F190802	grCe_grSu3Ne	5	315.0	2	768.25	768.547
768.5920000000001	0.8999999999999773	trials	4	s004_F190802	grCe_grSu1Ne	3	45.0	2	768.892	769.189
774.551	0.8999999999999773	trials	4	s004_F190802	grCe_grSu12Mi	9	315.0	2	774.851	775.149
775.1930000000001	0.8999999999999773	trials	4	s004_F190802	grCe_grSu18Fa	11	45.0	2	775.493	775.79
779.394	0.8999999999999773	trials	4	s004_F190802	grCe_grSu18Fa	11	180.0	2	779.694	779.991
780.019	0.8999999999999773	trials	4	s004_F190802	grSu1Ne	2		2	780.319	780.616
780.619	0.8999999999999773	trials	4	s004_F190802	NoStim	0		2	780.919	781.216
781.244	0.8999999999999773	trials	4	s004_F190802	grSu3Ne	4		2	781.544	781.842
781.8860000000001	0.8999999999999773	trials	4	s004_F190802	grCe_grSu1Ne	3	225.0	2	782.186	782.483
788.0450000000001	0.8999999999999773	trials	4	s004_F190802	grCe_grSu1Ne	3	270.0	2	788.345	788.643
788.695	0.8999999999999773	trials	4	s004_F190802	grCe_grSu3Ne	5	225.0	2	788.995	789.293
789.337	0.8999999999999773	trials	4	s004_F190802	grCe_grSu3Ne	5	45.0	2	789.637	789.935
789.979	0.8999999999999773	trials	4	s004_F190802	grCe_grSu18Fa	11	0.0	2	790.279	790.576
790.604	0.8999999999999773	trials	4	s004_F190802	grCe	1	45.0	2	790.904	791.202
796.672	0.8999999999999773	trials	4	s004_F190802	grSu18Fa	10		2	796.972	797.269
797.297	0.8999999999999773	trials	4	s004_F190802	grCe	1	270.0	2	797.597	797.895
797.9390000000001	0.8999999999999773	trials	4	s004_F190802	grCe_grSu3Ne	5	135.0	2	798.239	798.536
798.5640000000001	0.8999999999999773	trials	4	s004_F190802	grCe	1	180.0	2	798.864	799.161
799.1890000000001	0.8999999999999773	trials	4	s004_F190802	grCe	1	225.0	2	799.489	799.787
809.0740000000001	0.8999999999999773	trials	4	s004_F190802	grCe_grSu6Ne	7	225.0	2	809.374	809.672
809.716	0.8999999999999773	trials	4	s004_F190802	grCe_grSu6Ne	7	45.0	2	810.016	810.313
810.3580000000001	0.8999999999999773	trials	4	s004_F190802	grCe_grSu6Ne	7	0.0	2	810.658	810.955
810.9830000000001	0.8999999999999773	trials	4	s004_F190802	grCe	1	135.0	2	811.283	811.58
811.625	0.8999999999999773	trials	4	s004_F190802	grCe_grSu1Ne	3	315.0	2	811.925	812.222
817.692	0.8999999999999773	trials	4	s004_F190802	grCe_grSu1Ne	3	0.0	2	817.992	818.29
818.3340000000001	0.8999999999999773	trials	4	s004_F190802	grCe_grSu6Ne	7	135.0	2	818.634	818.932
818.9590000000001	0.8999999999999773	trials	4	s004_F190802	grSu6Ne	6		2	819.259	819.557
819.601	0.8999999999999773	trials	4	s004_F190802	grCe_grSu3Ne	5	0.0	2	819.901	820.199
820.243	0.8999999999999773	trials	4	s004_F190802	grCe_grSu12Mi	9	45.0	2	820.543	820.84
826.611	0.8999999999999773	trials	4	s004_F190802	grCe_grSu12Mi	9	225.0	2	826.911	827.208
827.2520000000001	0.8999999999999773	trials	4	s004_F190802	grCe_grSu12Mi	9	90.0	2	827.552	827.85
827.894	0.8999999999999773	trials	4	s004_F190802	grCe_grSu18Fa	11	90.0	13	828.194	828.492
828.5360000000001	0.8999999999999773	trials	4	s004_F190802	grCe_grSu6Ne	7	315.0	13	828.836	829.134
829.178	0.8999999999999773	trials	4	s004_F190802	grCe_grSu3Ne	5	225.0	13	829.478	829.775
835.187	0.8999999999999773	trials	4	s004_F190802	grSu18Fa	10		13	835.487	835.785
835.8290000000001	0.8999999999999773	trials	4	s004_F190802	grCe_grSu6Ne	7	0.0	13	836.129	836.427
836.4540000000001	0.8999999999999773	trials	4	s004_F190802	grSu1Ne	2		13	836.754	837.052
837.096	0.8999999999999773	trials	4	s004_F190802	grCe_grSu6Ne	7	180.0	13	837.396	837.694
837.7460000000001	0.8999999999999773	trials	4	s004_F190802	grCe_grSu12Mi	9	135.0	13	838.046	838.344
843.839	0.8999999999999773	trials	4	s004_F190802	grCe_grSu12Mi	9	270.0	13	844.139	844.437
844.489	0.8999999999999773	trials	4	s004_F190802	grCe_grSu1Ne	3	270.0	13	844.789	845.087
845.1310000000001	0.8999999999999773	trials	4	s004_F190802	grCe_grSu1Ne	3	90.0	13	845.431	845.728
845.773	0.8999999999999773	trials	4	s004_F190802	grCe_grSu6Ne	7	135.0	13	846.073	846.37
846.423	0.8999999999999773	trials	4	s004_F190802	grCe_grSu12Mi	9	45.0	13	846.723	847.02
855.2080000000001	0.8999999999999773	trials	4	s004_F190802	grCe_grSu18Fa	11	135.0	13	855.508	855.805
855.849	0.8999999999999773	trials	4	s004_F190802	grCe_grSu18Fa	11	270.0	13	856.149	856.447
856.4910000000001	0.8999999999999773	trials	4	s004_F190802	grCe_grSu3Ne	5	180.0	13	856.791	857.089
857.133	0.8999999999999773	trials	4	s004_F190802	grCe_grSu12Mi	9	180.0	13	857.433	857.731
857.783	0.8999999999999773	trials	4	s004_F190802	grCe_grSu3Ne	5	315.0	13	858.083	858.381
863.893	0.8999999999999773	trials	4	s004_F190802	grCe_grSu18Fa	11	315.0	13	864.193	864.49
864.518	0.8999999999999773	trials	4	s004_F190802	grSu6Ne	6		13	864.818	865.115
865.143	0.8999999999999773	trials	4	s004_F190802	grSu12Mi	8		13	865.443	865.741
865.7850000000001	0.8999999999999773	trials	4	s004_F190802	grCe_grSu1Ne	3	0.0	13	866.085	866.382
866.4100000000001	0.8999999999999773	trials	4	s004_F190802	grCe	1	180.0	13	866.71	867.007
872.4780000000001	0.8999999999999773	trials	4	s004_F190802	grCe	1	45.0	13	872.778	873.075
873.1030000000001	0.8999999999999773	trials	4	s004_F190802	grCe	1	0.0	13	873.403	873.7
873.744	0.8999999999999773	trials	4	s004_F190802	grCe_grSu12Mi	9	315.0	13	874.044	874.342
874.37	0.8999999999999773	trials	4	s004_F190802	grCe	1	225.0	13	874.67	874.967
875.0110000000001	0.8999999999999773	trials	4	s004_F190802	grCe_grSu12Mi	9	0.0	13	875.311	875.609
881.013	0.8999999999999773	trials	4	s004_F190802	grCe	1	135.0	13	881.313	881.61
881.613	0.8999999999999773	trials	4	s004_F190802	NoStim	0		13	881.913	882.21
882.254	0.8999999999999773	trials	4	s004_F190802	grCe_grSu6Ne	7	90.0	13	882.554	882.852
882.9050000000001	0.8999999999999773	trials	4	s004_F190802	grCe_grSu1Ne	3	225.0	13	883.205	883.502
883.546	0.8999999999999773	trials	4	s004_F190802	grCe_grSu3Ne	5	270.0	13	883.846	884.144
889.6310000000001	0.8999999999999773	trials	4	s004_F190802	grCe_grSu3Ne	5	45.0	13	889.931	890.228
890.273	0.8999999999999773	trials	4	s004_F190802	grCe_grSu18Fa	11	180.0	13	890.573	890.87
890.9140000000001	0.8999999999999773	trials	4	s004_F190802	grCe_grSu1Ne	3	180.0	13	891.214	891.512
891.5640000000001	0.8999999999999773	trials	4	s004_F190802	grCe_grSu12Mi	9	225.0	13	891.864	892.162
892.215	0.8999999999999773	trials	4	s004_F190802	grCe_grSu3Ne	5	0.0	13	892.515	892.812
898.316	0.8999999999999773	trials	4	s004_F190802	grCe_grSu3Ne	5	135.0	13	898.616	898.913
898.966	0.8999999999999773	trials	4	s004_F190802	grCe_grSu1Ne	3	135.0	13	899.266	899.564
899.6160000000001	0.8999999999999773	trials	4	s004_F190802	grCe_grSu18Fa	11	225.0	13	899.916	900.214
900.258	0.8999999999999773	trials	4	s004_F190802	grCe_grSu18Fa	11	45.0	13	900.558	900.855
900.9000000000001	0.8999999999999773	trials	4	s004_F190802	grCe_grSu3Ne	5	90.0	13	901.2	901.497
907.034	0.8999999999999773	trials	4	s004_F190802	grSu3Ne	4		13	907.334	907.632
907.676	0.8999999999999773	trials	4	s004_F190802	grCe_grSu12Mi	9	90.0	13	907.976	908.273
908.3180000000001	0.8999999999999773	trials	4	s004_F190802	grCe_grSu1Ne	3	45.0	13	908.618	908.915
908.9430000000001	0.8999999999999773	trials	4	s004_F190802	grCe	1	90.0	13	909.243	909.54
909.585	0.8999999999999773	trials	4	s004_F190802	grCe_grSu1Ne	3	315.0	13	909.885	910.182
916.5110000000001	0.8999999999999773	trials	4	s004_F190802	grCe_grSu6Ne	7	45.0	13	916.811	917.108
920.3950000000001	0.8999999999999773	trials	4	s004_F190802	grCe_grSu6Ne	7	225.0	13	920.695	920.993
921.0200000000001	0.8999999999999773	trials	4	s004_F190802	grCe	1	315.0	13	921.32	921.618
921.662	0.8999999999999773	trials	4	s004_F190802	grCe_grSu18Fa	11	0.0	13	921.962	922.259
922.3040000000001	0.8999999999999773	trials	4	s004_F190802	grCe_grSu6Ne	7	270.0	13	922.604	922.901
922.9290000000001	0.8999999999999773	trials	4	s004_F190802	grCe	1	270.0	13	923.229	923.526
928.88	0.8999999999999773	trials	4	s004_F190802	grCe	1	0.0	5	929.18	929.477
929.48	0.8999999999999773	trials	4	s004_F190802	NoStim	0		5	929.78	930.078
930.1220000000001	0.8999999999999773	trials	4	s004_F190802	grCe_grSu18Fa	11	315.0	5	930.422	930.719
930.7470000000001	0.8999999999999773	trials	4	s004_F190802	grCe	1	180.0	5	931.047	931.344
931.389	0.8999999999999773	trials	4	s004_F190802	grCe_grSu12Mi	9	180.0	5	931.689	931.986
937.4150000000001	0.8999999999999773	trials	4	s004_F190802	grCe_grSu12Mi	9	315.0	5	937.715	938.012
938.0400000000001	0.8999999999999773	trials	4	s004_F190802	grSu12Mi	8		5	938.34	938.637
938.682	0.8999999999999773	trials	4	s004_F190802	grCe_grSu12Mi	9	135.0	5	938.982	939.279
939.3230000000001	0.8999999999999773	trials	4	s004_F190802	grCe_grSu18Fa	11	270.0	5	939.623	939.921
939.965	0.8999999999999773	trials	4	s004_F190802	grCe_grSu6Ne	7	225.0	5	940.265	940.563
964.611	0.8999999999999773	trials	4	s004_F190802	grCe_grSu3Ne	5	90.0	5	964.911	965.209
965.253	0.8999999999999773	trials	4	s004_F190802	grCe_grSu3Ne	5	180.0	5	965.553	965.851
968.912	0.8999999999999773	trials	4	s004_F190802	grSu1Ne	2		5	969.212	969.51
969.5540000000001	0.8999999999999773	trials	4	s004_F190802	grCe_grSu18Fa	11	180.0	5	969.854	970.152
970.196	0.8999999999999773	trials	4	s004_F190802	grCe_grSu1Ne	3	225.0	5	970.496	970.793
970.846	0.8999999999999773	trials	4	s004_F190802	grCe_grSu18Fa	11	225.0	5	971.146	971.444
971.471	0.8999999999999773	trials	4	s004_F190802	grCe	1	315.0	5	971.771	972.069
977.581	0.8999999999999773	trials	4	s004_F190802	grCe_grSu6Ne	7	45.0	5	977.881	978.178
978.206	0.8999999999999773	trials	4	s004_F190802	grCe	1	270.0	5	978.506	978.803
978.8470000000001	0.8999999999999773	trials	4	s004_F190802	grCe_grSu6Ne	7	135.0	5	979.147	979.445
979.4730000000001	0.8999999999999773	trials	4	s004_F190802	grCe	1	90.0	5	979.773	980.07
980.114	0.8999999999999773	trials	4	s004_F190802	grCe_grSu12Mi	9	225.0	5	980.414	980.712
986.082	0.8999999999999773	trials	4	s004_F190802	grCe_grSu1Ne	3	45.0	5	986.382	986.68
986.724	0.8999999999999773	trials	4	s004_F190802	grCe_grSu12Mi	9	90.0	5	987.024	987.322
987.3660000000001	0.8999999999999773	trials	4	s004_F190802	grCe_grSu18Fa	11	45.0	5	987.666	987.963
988.0070000000001	0.8999999999999773	trials	4	s004_F190802	grCe_grSu1Ne	3	90.0	5	988.307	988.605
988.633	0.8999999999999773	trials	4	s004_F190802	grSu3Ne	4		5	988.933	989.23
995.009	0.8999999999999773	trials	4	s004_F190802	grCe_grSu3Ne	5	270.0	5	995.309	995.606
995.6510000000001	0.8999999999999773	trials	4	s004_F190802	grCe_grSu12Mi	9	270.0	5	995.951	996.248
996.292	0.8999999999999773	trials	4	s004_F190802	grCe_grSu18Fa	11	90.0	5	996.592	996.89
996.942	0.8999999999999773	trials	4	s004_F190802	grCe_grSu3Ne	5	225.0	5	997.242	997.54
997.5840000000001	0.8999999999999773	trials	4	s004_F190802	grCe_grSu1Ne	3	0.0	5	997.884	998.182
1003.494	0.8999999999999773	trials	4	s004_F190802	grSu18Fa	10		5	1003.794	1004.091
1004.119	0.8999999999999773	trials	4	s004_F190802	grSu6Ne	6		5	1004.419	1004.716
1004.7610000000001	0.8999999999999773	trials	4	s004_F190802	grCe_grSu6Ne	7	315.0	5	1005.061	1005.358
1005.402	0.8999999999999773	trials	4	s004_F190802	grCe_grSu6Ne	7	0.0	5	1005.702	1006.0
1006.0440000000001	0.8999999999999773	trials	4	s004_F190802	grCe_grSu6Ne	7	270.0	5	1006.344	1006.642
1012.229	0.8999999999999773	trials	4	s004_F190802	grCe_grSu6Ne	7	180.0	5	1012.529	1012.826
1012.854	0.8999999999999773	trials	4	s004_F190802	grCe	1	225.0	5	1013.154	1013.451
1013.4960000000001	0.8999999999999773	trials	4	s004_F190802	grCe_grSu12Mi	9	0.0	5	1013.796	1014.093
1014.1460000000001	0.8999999999999773	trials	4	s004_F190802	grCe_grSu3Ne	5	315.0	5	1014.446	1014.743
1014.796	0.8999999999999773	trials	4	s004_F190802	grCe_grSu18Fa	11	135.0	5	1015.096	1015.393
1020.922	0.8999999999999773	trials	4	s004_F190802	grCe_grSu1Ne	3	135.0	5	1021.222	1021.52
1021.547	0.8999999999999773	trials	4	s004_F190802	grCe	1	45.0	5	1021.847	1022.145
1022.1890000000001	0.8999999999999773	trials	4	s004_F190802	grCe_grSu6Ne	7	90.0	5	1022.489	1022.787
1022.831	0.8999999999999773	trials	4	s004_F190802	grCe_grSu3Ne	5	135.0	5	1023.131	1023.428
1023.4720000000001	0.8999999999999773	trials	4	s004_F190802	grCe_grSu1Ne	3	180.0	5	1023.772	1024.07
1029.54	0.8999999999998636	trials	4	s004_F190802	grCe_grSu1Ne	3	315.0	5	1029.84	1030.138
1046.852	0.8999999999998636	trials	4	s004_F190802	grCe	1	135.0	5	1047.152	1047.449
1047.4940000000001	0.8999999999998636	trials	4	s004_F190802	grCe_grSu1Ne	3	270.0	5	1047.794	1048.091
1048.144	0.8999999999998636	trials	4	s004_F190802	grCe_grSu18Fa	11	0.0	5	1048.444	1048.741
1048.786	0.8999999999998636	trials	4	s004_F190802	grCe_grSu12Mi	9	45.0	5	1049.086	1049.383
1049.4270000000001	0.8999999999998636	trials	4	s004_F190802	grCe_grSu3Ne	5	45.0	5	1049.727	1050.025
1055.528	0.8999999999998636	trials	4	s004_F190802	grCe_grSu3Ne	5	0.0	5	1055.828	1056.126
1056.17	0.8999999999998636	trials	4	s004_F190802	grCe_grSu18Fa	11	45.0	0	1056.47	1056.768
1056.8120000000001	0.8999999999998636	trials	4	s004_F190802	grCe_grSu3Ne	5	315.0	0	1057.112	1057.41
1057.4370000000001	0.8999999999998636	trials	4	s004_F190802	grCe	1	135.0	0	1057.737	1058.035
1058.0620000000001	0.8999999999998636	trials	4	s004_F190802	grSu1Ne	2		0	1058.362	1058.66
1064.055	0.8999999999998636	trials	4	s004_F190802	grCe_grSu1Ne	3	315.0	0	1064.355	1064.653
1064.7050000000002	0.8999999999998636	trials	4	s004_F190802	grCe_grSu12Mi	9	135.0	0	1065.005	1065.303
1065.355	0.8999999999998636	trials	4	s004_F190802	grCe_grSu12Mi	9	45.0	0	1065.655	1065.953
1065.98	0.8999999999998636	trials	4	s004_F190802	grCe	1	45.0	0	1066.28	1066.578
1066.606	0.8999999999998636	trials	4	s004_F190802	grCe	1	315.0	0	1066.906	1067.203
1072.8980000000001	0.8999999999998636	trials	4	s004_F190802	grCe_grSu12Mi	9	225.0	0	1073.198	1073.496
1073.5230000000001	0.8999999999998636	trials	4	s004_F190802	grCe	1	90.0	0	1073.823	1074.121
1074.165	0.8999999999998636	trials	4	s004_F190802	grCe_grSu18Fa	11	0.0	0	1074.465	1074.763
1074.815	0.8999999999998636	trials	4	s004_F190802	grCe_grSu1Ne	3	0.0	0	1075.115	1075.413
1075.4650000000001	0.8999999999998636	trials	4	s004_F190802	grCe_grSu1Ne	3	45.0	0	1075.765	1076.063
1081.833	0.8999999999998636	trials	4	s004_F190802	grCe_grSu12Mi	9	180.0	0	1082.133	1082.431
1082.4750000000001	0.8999999999998636	trials	4	s004_F190802	grCe_grSu3Ne	5	135.0	0	1082.775	1083.073
1083.117	0.8999999999998636	trials	4	s004_F190802	grCe_grSu6Ne	7	45.0	0	1083.417	1083.715
1083.767	0.8999999999998636	trials	4	s004_F190802	grCe_grSu6Ne	7	135.0	0	1084.067	1084.365
1084.409	0.8999999999998636	trials	4	s004_F190802	grCe_grSu1Ne	3	225.0	0	1084.709	1085.006
1091.152	0.8999999999998636	trials	4	s004_F190802	grCe_grSu1Ne	3	180.0	0	1091.452	1091.749
1091.794	0.8999999999998636	trials	4	s004_F190802	grCe_grSu6Ne	7	225.0	0	1092.094	1092.391
1092.435	0.8999999999998636	trials	4	s004_F190802	grCe_grSu3Ne	5	225.0	0	1092.735	1093.033
1093.085	0.8999999999998636	trials	4	s004_F190802	grCe_grSu18Fa	11	180.0	0	1093.385	1093.683
1093.727	0.8999999999998636	trials	4	s004_F190802	grCe_grSu18Fa	11	315.0	0	1094.027	1094.325
1100.02	0.8999999999998636	trials	4	s004_F190802	grCe_grSu18Fa	11	225.0	0	1100.32	1100.618
1100.645	0.8999999999998636	trials	4	s004_F190802	grSu12Mi	8		0	1100.945	1101.243
1101.287	0.8999999999998636	trials	4	s004_F190802	grCe_grSu6Ne	7	0.0	0	1101.587	1101.885
1101.9370000000001	0.8999999999998636	trials	4	s004_F190802	grCe_grSu12Mi	9	0.0	0	1102.237	1102.535
1102.5620000000001	0.8999999999998636	trials	4	s004_F190802	grCe	1	270.0	0	1102.862	1103.16
1108.788	0.8999999999998636	trials	4	s004_F190802	grCe	1	225.0	0	1109.088	1109.386
1109.43	0.8999999999998636	trials	4	s004_F190802	grCe_grSu12Mi	9	270.0	0	1109.73	1110.028
1110.055	0.8999999999998636	trials	4	s004_F190802	grSu3Ne	4		0	1110.355	1110.653
1110.6970000000001	0.8999999999998636	trials	4	s004_F190802	grCe_grSu18Fa	11	135.0	0	1110.997	1111.295
1111.339	0.8999999999998636	trials	4	s004_F190802	grCe_grSu18Fa	11	90.0	0	1111.639	1111.937
1117.698	0.8999999999998636	trials	4	s004_F190802	grCe_grSu6Ne	7	315.0	0	1117.998	1118.296
1118.324	0.8999999999998636	trials	4	s004_F190802	grCe	1	0.0	0	1118.624	1118.921
1118.9650000000001	0.8999999999998636	trials	4	s004_F190802	grCe_grSu3Ne	5	270.0	0	1119.265	1119.563
1119.5900000000001	0.8999999999998636	trials	4	s004_F190802	grCe	1	180.0	0	1119.89	1120.188
1120.232	0.8999999999998636	trials	4	s004_F190802	grCe_grSu1Ne	3	270.0	0	1120.532	1120.83
1126.758	0.8999999999998636	trials	4	s004_F190802	grCe_grSu3Ne	5	90.0	0	1127.058	1127.356
1127.4	0.8999999999998636	trials	4	s004_F190802	grCe_grSu6Ne	7	270.0	0	1127.7	1127.998
1128.0420000000001	0.8999999999998636	trials	4	s004_F190802	grCe_grSu12Mi	9	315.0	0	1128.342	1128.64
1128.684	0.8999999999998636	trials	4	s004_F190802	grCe_grSu3Ne	5	45.0	0	1128.984	1129.281
1129.284	0.8999999999998636	trials	4	s004_F190802	NoStim	0		0	1129.584	1129.882
1149.021	0.8999999999998636	trials	4	s004_F190802	grSu6Ne	6		0	1149.321	1149.619
1149.663	0.8999999999998636	trials	4	s004_F190802	grCe_grSu6Ne	7	90.0	0	1149.963	1150.26
1150.313	0.8999999999998636	trials	4	s004_F190802	grCe_grSu18Fa	11	270.0	0	1150.613	1150.91
1150.9550000000002	0.8999999999998636	trials	4	s004_F190802	grCe_grSu3Ne	5	180.0	0	1151.255	1151.552
1151.605	0.8999999999998636	trials	4	s004_F190802	grCe_grSu12Mi	9	90.0	0	1151.905	1152.202
1157.5720000000001	0.8999999999998636	trials	4	s004_F190802	grSu18Fa	10		0	1157.872	1158.17
1158.214	0.8999999999998636	trials	4	s004_F190802	grCe_grSu6Ne	7	180.0	0	1158.514	1158.812
1158.856	0.8999999999998636	trials	4	s004_F190802	grCe_grSu1Ne	3	90.0	0	1159.156	1159.454
1159.498	0.8999999999998636	trials	4	s004_F190802	grCe_grSu3Ne	5	0.0	0	1159.798	1160.095
1160.14	0.8999999999998636	trials	4	s004_F190802	grCe_grSu1Ne	3	135.0	0	1160.44	1160.737
1166.182	0.8999999999998636	trials	4	s004_F190802	grCe_grSu6Ne	7	0.0	1	1166.482	1166.78
1166.808	0.8999999999998636	trials	4	s004_F190802	grCe	1	90.0	1	1167.108	1167.405
1167.449	0.8999999999998636	trials	4	s004_F190802	grCe_grSu6Ne	7	180.0	1	1167.749	1168.047
1168.074	0.8999999999998636	trials	4	s004_F190802	grSu1Ne	2		1	1168.374	1168.672
1168.7160000000001	0.8999999999998636	trials	4	s004_F190802	grCe_grSu12Mi	9	45.0	1	1169.016	1169.314
1174.817	0.8999999999998636	trials	4	s004_F190802	grCe_grSu3Ne	5	225.0	1	1175.117	1175.415
1175.459	0.8999999999998636	trials	4	s004_F190802	grCe_grSu6Ne	7	315.0	1	1175.759	1176.057
1176.101	0.8999999999998636	trials	4	s004_F190802	grCe_grSu3Ne	5	315.0	1	1176.401	1176.699
1176.726	0.8999999999998636	trials	4	s004_F190802	grCe	1	0.0	1	1177.026	1177.324
1177.368	0.8999999999998636	trials	4	s004_F190802	grCe_grSu18Fa	11	225.0	1	1177.668	1177.966
1183.861	0.8999999999998636	trials	4	s004_F190802	grCe_grSu3Ne	5	45.0	1	1184.161	1184.458
1184.5030000000002	0.8999999999998636	trials	4	s004_F190802	grCe_grSu3Ne	5	180.0	1	1184.803	1185.1
1185.144	0.8999999999998636	trials	4	s004_F190802	grCe_grSu3Ne	5	270.0	1	1185.444	1185.742
1185.786	0.8999999999998636	trials	4	s004_F190802	grCe_grSu6Ne	7	45.0	1	1186.086	1186.384
1186.428	0.8999999999998636	trials	4	s004_F190802	grCe_grSu12Mi	9	135.0	1	1186.728	1187.026
1192.421	0.8999999999998636	trials	4	s004_F190802	grCe_grSu6Ne	7	90.0	1	1192.721	1193.018
1193.0620000000001	0.8999999999998636	trials	4	s004_F190802	grCe_grSu6Ne	7	225.0	1	1193.362	1193.66
1193.688	0.8999999999998636	trials	4	s004_F190802	grSu18Fa	10		1	1193.988	1194.285
1194.329	0.8999999999998636	trials	4	s004_F190802	grCe_grSu12Mi	9	270.0	1	1194.629	1194.927
1194.954	0.8999999999998636	trials	4	s004_F190802	grCe	1	225.0	1	1195.254	1195.552
1201.0720000000001	0.8999999999998636	trials	4	s004_F190802	grCe_grSu18Fa	11	315.0	1	1201.372	1201.67
1201.722	0.8999999999998636	trials	4	s004_F190802	grCe_grSu1Ne	3	315.0	1	1202.022	1202.32
1202.364	0.8999999999998636	trials	4	s004_F190802	grCe_grSu18Fa	11	45.0	1	1202.664	1202.962
1203.006	0.8999999999998636	trials	4	s004_F190802	grCe_grSu1Ne	3	90.0	1	1203.306	1203.604
1203.656	0.8999999999998636	trials	4	s004_F190802	grCe_grSu18Fa	11	90.0	1	1203.956	1204.254
1209.682	0.8999999999998636	trials	4	s004_F190802	grCe_grSu6Ne	7	135.0	1	1209.982	1210.28
1210.324	0.8999999999998636	trials	4	s004_F190802	grCe_grSu12Mi	9	315.0	1	1210.624	1210.922
1210.974	0.8999999999998636	trials	4	s004_F190802	grCe_grSu12Mi	9	0.0	1	1211.274	1211.572
1211.599	0.8999999999998636	trials	4	s004_F190802	grCe	1	180.0	1	1211.899	1212.197
1212.241	0.8999999999998636	trials	4	s004_F190802	grCe_grSu3Ne	5	0.0	1	1212.541	1212.839
1218.709	0.8999999999998636	trials	4	s004_F190802	grCe_grSu1Ne	3	270.0	1	1219.009	1219.307
1219.351	0.8999999999998636	trials	4	s004_F190802	grCe_grSu1Ne	3	45.0	1	1219.651	1219.948
1219.992	0.8999999999998636	trials	4	s004_F190802	grCe_grSu1Ne	3	0.0	1	1220.292	1220.59
1220.618	0.8999999999998636	trials	4	s004_F190802	grCe	1	135.0	1	1220.918	1221.215
1221.259	0.8999999999998636	trials	4	s004_F190802	grCe_grSu12Mi	9	90.0	1	1221.559	1221.857
1227.477	0.8999999999998636	trials	4	s004_F190802	grCe_grSu3Ne	5	135.0	1	1227.777	1228.075
1228.102	0.8999999999998636	trials	4	s004_F190802	grCe	1	315.0	1	1228.402	1228.7
1228.727	0.8999999999998636	trials	4	s004_F190802	grSu12Mi	8		1	1229.027	1229.325
1229.3690000000001	0.8999999999998636	trials	4	s004_F190802	grCe_grSu12Mi	9	180.0	1	1229.669	1229.967
1229.969	0.8999999999998636	trials	4	s004_F190802	NoStim	0		1	1230.269	1230.567
1236.079	0.8999999999998636	trials	4	s004_F190802	grCe_grSu18Fa	11	135.0	1	1236.379	1236.676
1236.729	0.8999999999998636	trials	4	s004_F190802	grCe_grSu3Ne	5	90.0	1	1237.029	1237.327
1237.354	0.8999999999998636	trials	4	s004_F190802	grCe	1	270.0	1	1237.654	1237.952
1237.996	0.8999999999998636	trials	4	s004_F190802	grCe_grSu1Ne	3	180.0	1	1238.296	1238.593
1238.6380000000001	0.8999999999998636	trials	4	s004_F190802	grCe_grSu6Ne	7	270.0	1	1238.938	1239.235
1244.747	0.8999999999998636	trials	4	s004_F190802	grCe_grSu1Ne	3	135.0	1	1245.047	1245.345
1245.372	0.8999999999998636	trials	4	s004_F190802	grSu3Ne	4		1	1245.672	1245.97
1246.0140000000001	0.8999999999998636	trials	4	s004_F190802	grCe_grSu18Fa	11	270.0	1	1246.314	1246.612
1246.664	0.8999999999998636	trials	4	s004_F190802	grCe_grSu1Ne	3	225.0	1	1246.964	1247.262
1247.306	0.8999999999998636	trials	4	s004_F190802	grCe_grSu12Mi	9	225.0	1	1247.606	1247.904
1253.332	0.8999999999998636	trials	4	s004_F190802	grCe_grSu18Fa	11	0.0	1	1253.632	1253.93
1253.957	0.8999999999998636	trials	4	s004_F190802	grCe	1	45.0	1	1254.257	1254.555
1254.599	0.8999999999998636	trials	4	s004_F190802	grCe_grSu18Fa	11	180.0	1	1254.899	1255.197
1258.116	0.8999999999998636	trials	4	s004_F190802	grSu6Ne	6		1	1258.416	1258.714
1258.766	0.8999999999998636	trials	4	s004_F190802	grCe_grSu3Ne	5	225.0	4	1259.066	1259.364
1259.4080000000001	0.8999999999998636	trials	4	s004_F190802	grCe_grSu6Ne	7	135.0	4	1259.708	1260.006
1260.008	0.8999999999998636	trials	4	s004_F190802	NoStim	0		4	1260.308	1260.606
1260.65	0.8999999999998636	trials	4	s004_F190802	grCe_grSu1Ne	3	180.0	4	1260.95	1261.248
1266.743	0.8999999999998636	trials	4	s004_F190802	grCe_grSu6Ne	7	315.0	4	1267.043	1267.341
1267.368	0.8999999999998636	trials	4	s004_F190802	grSu6Ne	6		4	1267.668	1267.966
1268.01	0.8999999999998636	trials	4	s004_F190802	grCe_grSu18Fa	11	45.0	4	1268.31	1268.607
1268.652	0.8999999999998636	trials	4	s004_F190802	grCe_grSu3Ne	5	315.0	4	1268.952	1269.249
1269.277	0.8999999999998636	trials	4	s004_F190802	grCe	1	180.0	4	1269.577	1269.874
1275.2440000000001	0.8999999999998636	trials	4	s004_F190802	grCe_grSu1Ne	3	0.0	4	1275.544	1275.842
1275.895	0.8999999999998636	trials	4	s004_F190802	grCe_grSu18Fa	11	135.0	4	1276.195	1276.492
1276.536	0.8999999999998636	trials	4	s004_F190802	grCe_grSu12Mi	9	135.0	4	1276.836	1277.134
1277.162	0.8999999999998636	trials	4	s004_F190802	grCe	1	0.0	4	1277.462	1277.759
1277.787	0.8999999999998636	trials	4	s004_F190802	grCe	1	135.0	4	1278.087	1278.384
1284.163	0.8999999999998636	trials	4	s004_F190802	grCe_grSu12Mi	9	180.0	4	1284.463	1284.76
1284.788	0.8999999999998636	trials	4	s004_F190802	grSu1Ne	2		4	1285.088	1285.386
1285.43	0.8999999999998636	trials	4	s004_F190802	grCe_grSu3Ne	5	45.0	4	1285.73	1286.027
1286.0800000000002	0.8999999999998636	trials	4	s004_F190802	grCe_grSu1Ne	3	135.0	4	1286.38	1286.677
1286.722	0.8999999999998636	trials	4	s004_F190802	grCe_grSu6Ne	7	225.0	4	1287.022	1287.319
1292.881	0.8999999999998636	trials	4	s004_F190802	grCe_grSu1Ne	3	90.0	4	1293.181	1293.479
1293.5230000000001	0.8999999999998636	trials	4	s004_F190802	grCe_grSu3Ne	5	180.0	4	1293.823	1294.121
1294.165	0.8999999999998636	trials	4	s004_F190802	grCe_grSu12Mi	9	0.0	4	1294.465	1294.762
1294.806	0.8999999999998636	trials	4	s004_F190802	grCe_grSu3Ne	5	90.0	4	1295.106	1295.404
1295.448	0.8999999999998636	trials	4	s004_F190802	grCe_grSu18Fa	11	225.0	4	1295.748	1296.046
1301.541	0.8999999999998636	trials	4	s004_F190802	grCe_grSu3Ne	5	0.0	4	1301.841	1302.139
1302.191	0.8999999999998636	trials	4	s004_F190802	grCe_grSu3Ne	5	270.0	4	1302.491	1302.789
1302.833	0.8999999999998636	trials	4	s004_F190802	grCe_grSu3Ne	5	135.0	4	1303.133	1303.431
1303.483	0.8999999999998636	trials	4	s004_F190802	grCe_grSu12Mi	9	315.0	4	1303.783	1304.081
1304.125	0.8999999999998636	trials	4	s004_F190802	grCe_grSu6Ne	7	90.0	4	1304.425	1304.723
1310.368	0.8999999999998636	trials	4	s004_F190802	grCe	1	225.0	4	1310.668	1310.965
1310.993	0.8999999999998636	trials	4	s004_F190802	grSu12Mi	8		4	1311.293	1311.59
1311.635	0.8999999999998636	trials	4	s004_F190802	grCe_grSu12Mi	9	270.0	4	1311.935	1312.232
1312.276	0.8999999999998636	trials	4	s004_F190802	grCe_grSu6Ne	7	270.0	4	1312.576	1312.874
1312.9180000000001	0.8999999999998636	trials	4	s004_F190802	grCe_grSu12Mi	9	225.0	4	1313.218	1313.516
1318.986	0.8999999999998636	trials	4	s004_F190802	grCe	1	45.0	4	1319.286	1319.584
1319.611	0.8999999999998636	trials	4	s004_F190802	grCe	1	90.0	4	1319.911	1320.209
1320.2530000000002	0.8999999999998636	trials	4	s004_F190802	grCe_grSu18Fa	11	270.0	4	1320.553	1320.851
1320.8780000000002	0.8999999999998636	trials	4	s004_F190802	grSu3Ne	4		4	1321.178	1321.476
1321.52	0.8999999999998636	trials	4	s004_F190802	grCe_grSu18Fa	11	180.0	4	1321.82	1322.117
1327.713	0.8999999999998636	trials	4	s004_F190802	grCe	1	315.0	4	1328.013	1328.31
1328.354	0.8999999999998636	trials	4	s004_F190802	grCe_grSu18Fa	11	0.0	4	1328.654	1328.952
1329.005	0.8999999999998636	trials	4	s004_F190802	grCe_grSu1Ne	3	315.0	4	1329.305	1329.602
1329.655	0.8999999999998636	trials	4	s004_F190802	grCe_grSu1Ne	3	225.0	4	1329.955	1330.252
1330.28	0.8999999999998636	trials	4	s004_F190802	grSu18Fa	10		4	1330.58	1330.877
1336.3890000000001	0.8999999999998636	trials	4	s004_F190802	grCe_grSu12Mi	9	90.0	4	1336.689	1336.987
1337.031	0.8999999999998636	trials	4	s004_F190802	grCe_grSu18Fa	11	90.0	4	1337.331	1337.629
1337.656	0.8999999999998636	trials	4	s004_F190802	grCe	1	270.0	4	1337.956	1338.254
1338.298	0.8999999999998636	trials	4	s004_F190802	grCe_grSu6Ne	7	45.0	4	1338.598	1338.896
1338.948	0.8999999999998636	trials	4	s004_F190802	grCe_grSu1Ne	3	270.0	4	1339.248	1339.546
1345.016	0.8999999999998636	trials	4	s004_F190802	grCe_grSu18Fa	11	315.0	4	1345.316	1345.613
1345.666	0.8999999999998636	trials	4	s004_F190802	grCe_grSu6Ne	7	180.0	4	1345.966	1346.264
1346.308	0.8999999999998636	trials	4	s004_F190802	grCe_grSu6Ne	7	0.0	4	1346.608	1346.905
1346.95	0.8999999999998636	trials	4	s004_F190802	grCe_grSu12Mi	9	45.0	4	1347.25	1347.547
1347.5910000000001	0.8999999999998636	trials	4	s004_F190802	grCe_grSu1Ne	3	45.0	4	1347.891	1348.189
1353.851	0.8999999999998636	trials	4	s004_F190802	grCe_grSu1Ne	3	135.0	6	1354.151	1354.448
1354.493	0.8999999999998636	trials	4	s004_F190802	grCe_grSu1Ne	3	315.0	6	1354.793	1355.09
1355.118	0.8999999999998636	trials	4	s004_F190802	grSu1Ne	2		6	1355.418	1355.715
1355.76	0.8999999999998636	trials	4	s004_F190802	grCe_grSu18Fa	11	0.0	6	1356.06	1356.357
1356.41	0.8999999999998636	trials	4	s004_F190802	grCe_grSu1Ne	3	225.0	6	1356.71	1357.007
1362.511	0.8999999999998636	trials	4	s004_F190802	grCe_grSu1Ne	3	45.0	6	1362.811	1363.108
1363.111	0.8999999999998636	trials	4	s004_F190802	NoStim	0		6	1363.411	1363.709
1363.761	0.8999999999998636	trials	4	s004_F190802	grCe_grSu6Ne	7	225.0	6	1364.061	1364.359
1364.386	0.8999999999998636	trials	4	s004_F190802	grSu12Mi	8		6	1364.686	1364.984
1365.036	0.8999999999998636	trials	4	s004_F190802	grCe_grSu12Mi	9	315.0	6	1365.336	1365.634
1371.0710000000001	0.8999999999998636	trials	4	s004_F190802	grCe	1	90.0	6	1371.371	1371.668
1371.721	0.8999999999998636	trials	4	s004_F190802	grCe_grSu3Ne	5	225.0	6	1372.021	1372.318
1372.363	0.8999999999998636	trials	4	s004_F190802	grCe_grSu6Ne	7	315.0	6	1372.663	1372.96
1373.0040000000001	0.8999999999998636	trials	4	s004_F190802	grCe_grSu6Ne	7	135.0	6	1373.304	1373.602
1373.655	0.8999999999998636	trials	4	s004_F190802	grCe_grSu1Ne	3	0.0	6	1373.955	1374.252
1379.756	0.8999999999998636	trials	4	s004_F190802	grCe_grSu6Ne	7	180.0	6	1380.056	1380.353
1380.406	0.8999999999998636	trials	4	s004_F190802	grCe_grSu6Ne	7	0.0	6	1380.706	1381.003
1381.048	0.8999999999998636	trials	4	s004_F190802	grCe_grSu1Ne	3	270.0	6	1381.348	1381.645
1381.689	0.8999999999998636	trials	4	s004_F190802	grCe_grSu3Ne	5	45.0	6	1381.989	1382.287
1382.3310000000001	0.8999999999998636	trials	4	s004_F190802	grCe_grSu1Ne	3	180.0	6	1382.631	1382.929
1388.232	0.8999999999998636	trials	4	s004_F190802	grCe_grSu12Mi	9	45.0	6	1388.532	1388.83
1388.874	0.8999999999998636	trials	4	s004_F190802	grCe_grSu12Mi	9	0.0	6	1389.174	1389.472
1389.5240000000001	0.8999999999998636	trials	4	s004_F190802	grCe_grSu3Ne	5	0.0	6	1389.824	1390.122
1390.1490000000001	0.8999999999998636	trials	4	s004_F190802	grSu6Ne	6		6	1390.449	1390.747
1390.7740000000001	0.8999999999998636	trials	4	s004_F190802	grCe	1	225.0	6	1391.074	1391.372
1397.1090000000002	0.8999999999998636	trials	4	s004_F190802	grCe_grSu6Ne	7	45.0	6	1397.409	1397.707
1397.759	0.8999999999998636	trials	4	s004_F190802	grCe_grSu12Mi	9	180.0	6	1398.059	1398.357
1398.401	0.8999999999998636	trials	4	s004_F190802	grCe_grSu3Ne	5	90.0	6	1398.701	1398.998
1399.026	0.8999999999998636	trials	4	s004_F190802	grSu18Fa	10		6	1399.326	1399.624
1399.6680000000001	0.8999999999998636	trials	4	s004_F190802	grCe_grSu18Fa	11	90.0	6	1399.968	1400.265
1410.611	0.8999999999998636	trials	4	s004_F190802	grSu3Ne	4		6	1410.911	1411.209
1411.2530000000002	0.8999999999998636	trials	4	s004_F190802	grCe_grSu3Ne	5	180.0	6	1411.553	1411.851
1411.903	0.8999999999998636	trials	4	s004_F190802	grCe_grSu3Ne	5	270.0	6	1412.203	1412.501
1412.528	0.8999999999998636	trials	4	s004_F190802	grCe	1	135.0	6	1412.828	1413.126
1413.17	0.8999999999998636	trials	4	s004_F190802	grCe_grSu6Ne	7	270.0	6	1413.47	1413.768
1419.913	0.8999999999998636	trials	4	s004_F190802	grCe_grSu18Fa	11	270.0	6	1420.213	1420.511
1420.563	0.8999999999998636	trials	4	s004_F190802	grCe_grSu3Ne	5	135.0	6	1420.863	1421.161
1421.2050000000002	0.8999999999998636	trials	4	s004_F190802	grCe_grSu18Fa	11	135.0	6	1421.505	1421.803
1421.847	0.8999999999998636	trials	4	s004_F190802	grCe_grSu18Fa	11	180.0	6	1422.147	1422.445
1422.489	0.8999999999998636	trials	4	s004_F190802	grCe_grSu12Mi	9	225.0	6	1422.789	1423.086
1428.5900000000001	0.8999999999998636	trials	4	s004_F190802	grCe	1	270.0	6	1428.89	1429.187
1429.232	0.8999999999998636	trials	4	s004_F190802	grCe_grSu18Fa	11	315.0	6	1429.532	1429.829
1429.882	0.8999999999998636	trials	4	s004_F190802	grCe_grSu3Ne	5	315.0	6	1430.182	1430.479
1430.5230000000001	0.8999999999998636	trials	4	s004_F190802	grCe_grSu12Mi	9	270.0	6	1430.823	1431.121
1431.174	0.8999999999998636	trials	4	s004_F190802	grCe_grSu18Fa	11	225.0	6	1431.474	1431.771
1442.159	0.8999999999998636	trials	4	s004_F190802	grCe	1	0.0	6	1442.459	1442.757
1442.8010000000002	0.8999999999998636	trials	4	s004_F190802	grCe_grSu12Mi	9	135.0	6	1443.101	1443.398
1443.4260000000002	0.8999999999998636	trials	4	s004_F190802	grCe	1	180.0	6	1443.726	1444.024
1444.068	0.8999999999998636	trials	4	s004_F190802	grCe_grSu18Fa	11	45.0	6	1444.368	1444.665
1444.709	0.8999999999998636	trials	4	s004_F190802	grCe_grSu6Ne	7	90.0	6	1445.009	1445.307
1451.886	0.8999999999998636	trials	4	s004_F190802	grCe	1	45.0	6	1452.186	1452.483
1455.3780000000002	0.8999999999998636	trials	4	s004_F190802	grCe	1	315.0	6	1455.678	1455.976
1456.02	0.8999999999998636	trials	4	s004_F190802	grCe_grSu1Ne	3	90.0	6	1456.32	1456.618
1456.67	0.8999999999998636	trials	4	s004_F190802	grCe_grSu12Mi	9	90.0	6	1456.97	1457.268
1457.3120000000001	0.8999999999998636	trials	4	s004_F190802	grCe_grSu1Ne	3	45.0	8	1457.612	1457.909
1457.954	0.8999999999998636	trials	4	s004_F190802	grCe_grSu18Fa	11	135.0	8	1458.254	1458.551
1468.489	0.8999999999998636	trials	4	s004_F190802	grCe_grSu1Ne	3	225.0	8	1468.789	1469.087
1469.114	0.8999999999998636	trials	4	s004_F190802	grCe	1	315.0	8	1469.414	1469.712
1469.756	0.8999999999998636	trials	4	s004_F190802	grCe_grSu3Ne	5	0.0	8	1470.056	1470.353
1470.3980000000001	0.8999999999998636	trials	4	s004_F190802	grCe_grSu18Fa	11	90.0	8	1470.698	1470.995
1471.039	0.8999999999998636	trials	4	s004_F190802	grCe_grSu18Fa	11	45.0	8	1471.339	1471.637
1477.741	0.8999999999998636	trials	4	s004_F190802	grCe_grSu1Ne	3	180.0	8	1478.041	1478.338
1478.382	0.8999999999998636	trials	4	s004_F190802	grCe_grSu3Ne	5	270.0	8	1478.682	1478.98
1479.0240000000001	0.8999999999998636	trials	4	s004_F190802	grCe_grSu3Ne	5	90.0	8	1479.324	1479.622
1479.666	0.8999999999998636	trials	4	s004_F190802	grCe_grSu12Mi	9	225.0	8	1479.966	1480.264
1480.316	0.8999999999998636	trials	4	s004_F190802	grCe_grSu12Mi	9	0.0	8	1480.616	1480.914
1486.326	0.8999999999998636	trials	4	s004_F190802	grCe	1	0.0	8	1486.626	1486.923
1486.951	0.8999999999998636	trials	4	s004_F190802	grSu18Fa	10		8	1487.251	1487.548
1487.576	0.8999999999998636	trials	4	s004_F190802	grCe	1	225.0	8	1487.876	1488.173
1488.218	0.8999999999998636	trials	4	s004_F190802	grCe_grSu1Ne	3	315.0	8	1488.518	1488.815
1488.8590000000002	0.8999999999998636	trials	4	s004_F190802	grCe_grSu1Ne	3	0.0	8	1489.159	1489.457
1494.9270000000001	0.8999999999998636	trials	4	s004_F190802	grSu12Mi	8		8	1495.227	1495.525
1495.569	0.8999999999998636	trials	4	s004_F190802	grCe_grSu3Ne	5	180.0	8	1495.869	1496.167
1496.194	0.8999999999998636	trials	4	s004_F190802	grCe	1	135.0	8	1496.494	1496.792
1496.844	0.8999999999998636	trials	4	s004_F190802	grCe_grSu3Ne	5	315.0	8	1497.144	1497.442
1497.486	0.8999999999998636	trials	4	s004_F190802	grCe_grSu12Mi	9	135.0	8	1497.786	1498.084
1503.579	0.8999999999998636	trials	4	s004_F190802	grSu1Ne	2		8	1503.879	1504.176
1504.221	0.8999999999998636	trials	4	s004_F190802	grCe_grSu18Fa	11	180.0	8	1504.521	1504.818
1504.846	0.8999999999998636	trials	4	s004_F190802	grCe	1	90.0	8	1505.146	1505.443
1505.471	0.8999999999998636	trials	4	s004_F190802	grSu3Ne	4		8	1505.771	1506.068
1506.113	0.8999999999998636	trials	4	s004_F190802	grCe_grSu6Ne	7	180.0	8	1506.413	1506.71
1512.147	0.8999999999998636	trials	4	s004_F190802	grCe_grSu6Ne	7	90.0	8	1512.447	1512.745
1512.789	0.8999999999998636	trials	4	s004_F190802	grCe_grSu1Ne	3	90.0	8	1513.089	1513.386
1513.431	0.8999999999998636	trials	4	s004_F190802	grCe_grSu6Ne	7	0.0	8	1513.731	1514.028
1514.0810000000001	0.8999999999998636	trials	4	s004_F190802	grCe_grSu1Ne	3	135.0	8	1514.381	1514.678
1514.681	0.8999999999998636	trials	4	s004_F190802	NoStim	0		8	1514.981	1515.279
1520.89	0.8999999999998636	trials	4	s004_F190802	grCe_grSu3Ne	5	45.0	8	1521.19	1521.488
1521.5320000000002	0.8999999999998636	trials	4	s004_F190802	grCe_grSu3Ne	5	225.0	8	1521.832	1522.13
1522.174	0.8999999999998636	trials	4	s004_F190802	grCe_grSu6Ne	7	225.0	8	1522.474	1522.772
1522.799	0.8999999999998636	trials	4	s004_F190802	grSu6Ne	6		8	1523.099	1523.397
1523.441	0.8999999999998636	trials	4	s004_F190802	grCe_grSu3Ne	5	135.0	8	1523.741	1524.038
1529.525	0.8999999999998636	trials	4	s004_F190802	grCe	1	45.0	8	1529.825	1530.123
1530.15	0.8999999999998636	trials	4	s004_F190802	grCe	1	180.0	8	1530.45	1530.748
1530.7920000000001	0.8999999999998636	trials	4	s004_F190802	grCe_grSu12Mi	9	180.0	8	1531.092	1531.39
1531.442	0.8999999999998636	trials	4	s004_F190802	grCe_grSu18Fa	11	270.0	8	1531.742	1532.04
1532.084	0.8999999999998636	trials	4	s004_F190802	grCe_grSu18Fa	11	225.0	8	1532.384	1532.682
1538.127	0.8999999999998636	trials	4	s004_F190802	grCe_grSu12Mi	9	45.0	8	1538.427	1538.725
1538.777	0.8999999999998636	trials	4	s004_F190802	grCe_grSu6Ne	7	45.0	8	1539.077	1539.375
1539.402	0.8999999999998636	trials	4	s004_F190802	grCe	1	270.0	8	1539.702	1540.0
1540.044	0.8999999999998636	trials	4	s004_F190802	grCe_grSu6Ne	7	270.0	8	1540.344	1540.642
1540.694	0.8999999999998636	trials	4	s004_F190802	grCe_grSu12Mi	9	315.0	8	1540.994	1541.292
1546.804	0.8999999999998636	trials	4	s004_F190802	grCe_grSu18Fa	11	0.0	8	1547.104	1547.401
1547.454	0.8999999999998636	trials	4	s004_F190802	grCe_grSu6Ne	7	135.0	8	1547.754	1548.051
1548.095	0.8999999999998636	trials	4	s004_F190802	grCe_grSu6Ne	7	315.0	8	1548.395	1548.693
1548.746	0.8999999999998636	trials	4	s004_F190802	grCe_grSu1Ne	3	270.0	8	1549.046	1549.343
1549.396	0.8999999999998636	trials	4	s004_F190802	grCe_grSu18Fa	11	315.0	8	1549.696	1549.993
1555.505	0.8999999999998636	trials	4	s004_F190802	grCe_grSu12Mi	9	270.0	8	1555.805	1556.103
1556.147	0.8999999999998636	trials	4	s004_F190802	grCe_grSu12Mi	9	90.0	8	1556.447	1556.745
